{"nm":"Comp 1","ddd":0,"h":1080,"w":1080,"meta":{"g":"LottieFiles AE 3.4.4"},"layers":[{"ty":4,"nm":"Shape Layer 1","sr":1,"st":0,"op":900,"ip":0,"hd":false,"ddd":0,"bm":0,"hasMask":false,"ao":0,"ks":{"a":{"a":0,"k":[-291.5,-17.5,0],"ix":1},"s":{"a":1,"k":[{"o":{"x":0.76,"y":0},"i":{"x":0.24,"y":1},"s":[771.924,771.924,100],"t":8},{"o":{"x":0.76,"y":0},"i":{"x":0.24,"y":1},"s":[624.537,624.537,100],"t":17},{"o":{"x":0.76,"y":0},"i":{"x":0.24,"y":1},"s":[624.537,624.537,100],"t":18},{"o":{"x":0.167,"y":0},"i":{"x":0.24,"y":1},"s":[390.222,390.222,100],"t":25},{"o":{"x":0.167,"y":0},"i":{"x":0.24,"y":1},"s":[390.222,390.222,100],"t":59},{"o":{"x":0.76,"y":0},"i":{"x":0.24,"y":1},"s":[624.537,624.537,100],"t":65},{"o":{"x":0.76,"y":0},"i":{"x":0.833,"y":1},"s":[624.537,624.537,100],"t":66},{"s":[771.924,771.924,100],"t":71}],"ix":6},"sk":{"a":0,"k":0},"p":{"a":0,"k":[539.183,511.405,0],"ix":2},"r":{"a":0,"k":0,"ix":10},"sa":{"a":0,"k":0},"o":{"a":0,"k":100,"ix":11}},"ef":[],"shapes":[{"ty":"gr","bm":0,"hd":false,"mn":"ADBE Vector Group","nm":"Ellipse 1","ix":1,"cix":2,"np":3,"it":[{"ty":"el","bm":0,"hd":false,"mn":"ADBE Vector Shape - Ellipse","nm":"Ellipse Path 1","d":1,"p":{"a":0,"k":[0,0],"ix":3},"s":{"a":0,"k":[29,29],"ix":2}},{"ty":"fl","bm":0,"hd":false,"mn":"ADBE Vector Graphic - Fill","nm":"Fill 1","c":{"a":0,"k":[1,0.8706,0.1882],"ix":4},"r":1,"o":{"a":0,"k":100,"ix":5}},{"ty":"tr","a":{"a":0,"k":[0,0],"ix":1},"s":{"a":0,"k":[100,100],"ix":3},"sk":{"a":0,"k":0,"ix":4},"p":{"a":0,"k":[-291.5,-17.5],"ix":2},"r":{"a":0,"k":0,"ix":6},"sa":{"a":0,"k":0,"ix":5},"o":{"a":0,"k":100,"ix":7}}]}],"ind":1},{"ty":4,"nm":"Shape Layer 3","sr":1,"st":11,"op":911,"ip":11,"hd":false,"ddd":0,"bm":0,"hasMask":false,"ao":0,"ks":{"a":{"a":0,"k":[-344.416,-17.5,0],"ix":1},"s":{"a":0,"k":[338.43,338.43,100],"ix":6},"sk":{"a":0,"k":0},"p":{"a":1,"k":[{"o":{"x":0.76,"y":0},"i":{"x":0.24,"y":1},"s":[358.155,511.405,0],"t":11,"ti":[-30.035,0,0],"to":[30.035,0,0]},{"o":{"x":0.167,"y":0.167},"i":{"x":0.833,"y":0.833},"s":[538.366,511.405,0],"t":28.695,"ti":[0,0,0],"to":[0,0,0]},{"o":{"x":0.76,"y":0},"i":{"x":0.24,"y":1},"s":[538.366,511.405,0],"t":57,"ti":[29.889,0,0],"to":[-29.889,0,0]},{"s":[359.035,511.405,0],"t":75}],"ix":2},"r":{"a":1,"k":[{"o":{"x":0.76,"y":0},"i":{"x":0.24,"y":1},"s":[0],"t":25.645},{"s":[360],"t":62}],"ix":10},"sa":{"a":0,"k":0},"o":{"a":0,"k":100,"ix":11}},"ef":[],"shapes":[{"ty":"gr","bm":0,"hd":false,"mn":"ADBE Vector Group","nm":"Ellipse 1","ix":1,"cix":2,"np":3,"it":[{"ty":"el","bm":0,"hd":false,"mn":"ADBE Vector Shape - Ellipse","nm":"Ellipse Path 1","d":1,"p":{"a":0,"k":[0,0],"ix":3},"s":{"a":0,"k":[29,29],"ix":2}},{"ty":"fl","bm":0,"hd":false,"mn":"ADBE Vector Graphic - Fill","nm":"Fill 1","c":{"a":0,"k":[1,0.9098,0.451],"ix":4},"r":1,"o":{"a":0,"k":100,"ix":5}},{"ty":"tr","a":{"a":0,"k":[0,0],"ix":1},"s":{"a":0,"k":[100,100],"ix":3},"sk":{"a":0,"k":0,"ix":4},"p":{"a":0,"k":[-291.5,-17.5],"ix":2},"r":{"a":0,"k":0,"ix":6},"sa":{"a":0,"k":0,"ix":5},"o":{"a":0,"k":100,"ix":7}}]}],"ind":2},{"ty":4,"nm":"Shape Layer 2","sr":1,"st":5,"op":905,"ip":5,"hd":false,"ddd":0,"bm":0,"hasMask":false,"ao":0,"ks":{"a":{"a":0,"k":[-344.416,-17.5,0],"ix":1},"s":{"a":0,"k":[338.43,338.43,100],"ix":6},"sk":{"a":0,"k":0},"p":{"a":1,"k":[{"o":{"x":0.76,"y":0},"i":{"x":0.24,"y":1},"s":[361.155,511.405,0],"t":5,"ti":[-29.535,0,0],"to":[29.535,0,0]},{"o":{"x":0.167,"y":0.167},"i":{"x":0.833,"y":0.833},"s":[538.366,511.405,0],"t":22.695,"ti":[0,0,0],"to":[0,0,0]},{"o":{"x":0.76,"y":0},"i":{"x":0.24,"y":1},"s":[538.366,511.405,0],"t":51,"ti":[30.365,0,0],"to":[-30.365,0,0]},{"s":[356.175,511.405,0],"t":69}],"ix":2},"r":{"a":1,"k":[{"o":{"x":0.76,"y":0},"i":{"x":0.24,"y":1},"s":[0],"t":19.645},{"s":[360],"t":56}],"ix":10},"sa":{"a":0,"k":0},"o":{"a":0,"k":100,"ix":11}},"ef":[],"shapes":[{"ty":"gr","bm":0,"hd":false,"mn":"ADBE Vector Group","nm":"Ellipse 1","ix":1,"cix":2,"np":3,"it":[{"ty":"el","bm":0,"hd":false,"mn":"ADBE Vector Shape - Ellipse","nm":"Ellipse Path 1","d":1,"p":{"a":0,"k":[0,0],"ix":3},"s":{"a":0,"k":[29,29],"ix":2}},{"ty":"fl","bm":0,"hd":false,"mn":"ADBE Vector Graphic - Fill","nm":"Fill 1","c":{"a":0,"k":[1,0.9098,0.451],"ix":4},"r":1,"o":{"a":0,"k":100,"ix":5}},{"ty":"tr","a":{"a":0,"k":[0,0],"ix":1},"s":{"a":0,"k":[100,100],"ix":3},"sk":{"a":0,"k":0,"ix":4},"p":{"a":0,"k":[-291.5,-17.5],"ix":2},"r":{"a":0,"k":0,"ix":6},"sa":{"a":0,"k":0,"ix":5},"o":{"a":0,"k":100,"ix":7}}]}],"ind":3}],"v":"4.8.0","fr":30,"op":75,"ip":0,"assets":[]}