{"v":"4.8.0","meta":{"g":"LottieFiles AE ","a":"","k":"","d":"","tc":""},"fr":30,"ip":0,"op":150,"w":316,"h":85,"nm":"Premium 4","ddd":0,"assets":[],"fonts":{"list":[{"fName":"Montserrat-ExtraBold","fFamily":"Montserrat","fStyle":"ExtraBold","ascent":74.1989135742188}]},"layers":[{"ddd":0,"ind":1,"ty":3,"nm":"Null 2","sr":1,"ks":{"o":{"a":0,"k":0,"ix":11},"r":{"a":0,"k":0,"ix":10},"p":{"a":0,"k":[-14.5,42.5,0],"ix":2},"a":{"a":0,"k":[0,0,0],"ix":1},"s":{"a":0,"k":[103,103,100],"ix":6}},"ao":0,"ip":0,"op":240,"st":0,"bm":0},{"ddd":0,"ind":2,"ty":4,"nm":"Shape Layer 11","parent":1,"td":1,"sr":1,"ks":{"o":{"a":0,"k":100,"ix":11},"r":{"a":0,"k":0,"ix":10},"p":{"a":0,"k":[168.654,0.577,0],"ix":2},"a":{"a":0,"k":[0,0,0],"ix":1},"s":{"a":0,"k":[98.095,98.095,100],"ix":6}},"ao":0,"shapes":[{"ty":"gr","it":[{"ty":"rc","d":1,"s":{"a":0,"k":[306,75],"ix":2},"p":{"a":0,"k":[0,0],"ix":3},"r":{"a":0,"k":0,"ix":4},"nm":"Rectangle Path 1","mn":"ADBE Vector Shape - Rect","hd":false},{"ty":"fl","c":{"a":0,"k":[1,0.647058844566,0,1],"ix":4},"o":{"a":0,"k":100,"ix":5},"r":1,"bm":0,"nm":"Fill 1","mn":"ADBE Vector Graphic - Fill","hd":false},{"ty":"tr","p":{"a":0,"k":[-1,-0.5],"ix":2},"a":{"a":0,"k":[0,0],"ix":1},"s":{"a":0,"k":[100,100],"ix":3},"r":{"a":0,"k":0,"ix":6},"o":{"a":0,"k":100,"ix":7},"sk":{"a":0,"k":0,"ix":4},"sa":{"a":0,"k":0,"ix":5},"nm":"Transform"}],"nm":"Rectangle 1","np":2,"cix":2,"bm":0,"ix":1,"mn":"ADBE Vector Group","hd":false}],"ip":0,"op":150,"st":0,"bm":0},{"ddd":0,"ind":3,"ty":4,"nm":"Shape Layer 6","parent":1,"tt":1,"sr":1,"ks":{"o":{"a":0,"k":30,"ix":11},"r":{"a":0,"k":33,"ix":10},"p":{"a":1,"k":[{"i":{"x":0.538,"y":1},"o":{"x":0.229,"y":0},"t":0,"s":[367.5,13,0],"to":[0,0,0],"ti":[0,0,0]},{"i":{"x":0.579,"y":1},"o":{"x":0.254,"y":0},"t":24,"s":[191.087,7.648,0],"to":[0,0,0],"ti":[0,0,0]},{"i":{"x":0.65,"y":1},"o":{"x":0.555,"y":0},"t":60,"s":[65.5,7,0],"to":[0,0,0],"ti":[0,0,0]},{"t":149,"s":[367.5,13,0]}],"ix":2},"a":{"a":0,"k":[-190,7.5,0],"ix":1},"s":{"a":1,"k":[{"i":{"x":[0.833,0.833,0.833],"y":[0.867,1,1]},"o":{"x":[0.167,0.167,0.167],"y":[0,0,0]},"t":0,"s":[52,100,100]},{"i":{"x":[0.833,0.833,0.833],"y":[0.834,1,1]},"o":{"x":[0.167,0.167,0.167],"y":[0.166,0,0]},"t":60,"s":[106,100,100]},{"t":149,"s":[52,100,100]}],"ix":6}},"ao":0,"shapes":[{"ty":"gr","it":[{"ty":"rc","d":1,"s":{"a":0,"k":[66,320],"ix":2},"p":{"a":0,"k":[0,0],"ix":3},"r":{"a":0,"k":0,"ix":4},"nm":"Rectangle Path 1","mn":"ADBE Vector Shape - Rect","hd":false},{"ty":"fl","c":{"a":0,"k":[1,0.991372525692,0.956862747669,1],"ix":4},"o":{"a":0,"k":100,"ix":5},"r":1,"bm":0,"nm":"Fill 1","mn":"ADBE Vector Graphic - Fill","hd":false},{"ty":"tr","p":{"a":0,"k":[-190,7.5],"ix":2},"a":{"a":0,"k":[0,0],"ix":1},"s":{"a":0,"k":[100,100],"ix":3},"r":{"a":0,"k":0,"ix":6},"o":{"a":0,"k":100,"ix":7},"sk":{"a":0,"k":0,"ix":4},"sa":{"a":0,"k":0,"ix":5},"nm":"Transform"}],"nm":"Rectangle 1","np":2,"cix":2,"bm":0,"ix":1,"mn":"ADBE Vector Group","hd":false}],"ip":0,"op":150,"st":0,"bm":0},{"ddd":0,"ind":4,"ty":4,"nm":"Shape Layer 10","parent":1,"td":1,"sr":1,"ks":{"o":{"a":0,"k":100,"ix":11},"r":{"a":0,"k":0,"ix":10},"p":{"a":0,"k":[168.654,0.577,0],"ix":2},"a":{"a":0,"k":[0,0,0],"ix":1},"s":{"a":0,"k":[98.095,98.095,100],"ix":6}},"ao":0,"shapes":[{"ty":"gr","it":[{"ty":"rc","d":1,"s":{"a":0,"k":[306,75],"ix":2},"p":{"a":0,"k":[0,0],"ix":3},"r":{"a":0,"k":0,"ix":4},"nm":"Rectangle Path 1","mn":"ADBE Vector Shape - Rect","hd":false},{"ty":"fl","c":{"a":0,"k":[1,0.647058844566,0,1],"ix":4},"o":{"a":0,"k":100,"ix":5},"r":1,"bm":0,"nm":"Fill 1","mn":"ADBE Vector Graphic - Fill","hd":false},{"ty":"tr","p":{"a":0,"k":[-1,-0.5],"ix":2},"a":{"a":0,"k":[0,0],"ix":1},"s":{"a":0,"k":[100,100],"ix":3},"r":{"a":0,"k":0,"ix":6},"o":{"a":0,"k":100,"ix":7},"sk":{"a":0,"k":0,"ix":4},"sa":{"a":0,"k":0,"ix":5},"nm":"Transform"}],"nm":"Rectangle 1","np":2,"cix":2,"bm":0,"ix":1,"mn":"ADBE Vector Group","hd":false}],"ip":0,"op":150,"st":0,"bm":0},{"ddd":0,"ind":5,"ty":4,"nm":"Shape Layer 5","parent":1,"tt":1,"sr":1,"ks":{"o":{"a":0,"k":30,"ix":11},"r":{"a":0,"k":33,"ix":10},"p":{"a":1,"k":[{"i":{"x":0.538,"y":0.506},"o":{"x":0.229,"y":0},"t":0,"s":[-3.5,6,0],"to":[0,0,0],"ti":[0,0,0]},{"i":{"x":0.579,"y":1},"o":{"x":0.254,"y":0.498},"t":24,"s":[94.366,4.077,0],"to":[0,0,0],"ti":[0,0,0]},{"i":{"x":0.667,"y":1},"o":{"x":0.557,"y":0},"t":60,"s":[174.5,6,0],"to":[0,0,0],"ti":[0,0,0]},{"t":149,"s":[-3.5,6,0]}],"ix":2},"a":{"a":0,"k":[-190,7.5,0],"ix":1},"s":{"a":1,"k":[{"i":{"x":[0.833,0.833,0.833],"y":[0.833,1,1]},"o":{"x":[0.167,0.167,0.167],"y":[0,0,0]},"t":0,"s":[100,100,100]},{"i":{"x":[0.833,0.833,0.833],"y":[0.834,1,1]},"o":{"x":[0.167,0.167,0.167],"y":[0.166,0,0]},"t":60,"s":[42,100,100]},{"t":149,"s":[100,100,100]}],"ix":6}},"ao":0,"shapes":[{"ty":"gr","it":[{"ty":"rc","d":1,"s":{"a":0,"k":[66,320],"ix":2},"p":{"a":0,"k":[0,0],"ix":3},"r":{"a":0,"k":0,"ix":4},"nm":"Rectangle Path 1","mn":"ADBE Vector Shape - Rect","hd":false},{"ty":"fl","c":{"a":0,"k":[1,0.969965398312,0.878431379795,1],"ix":4},"o":{"a":0,"k":100,"ix":5},"r":1,"bm":0,"nm":"Fill 1","mn":"ADBE Vector Graphic - Fill","hd":false},{"ty":"tr","p":{"a":0,"k":[-190,7.5],"ix":2},"a":{"a":0,"k":[0,0],"ix":1},"s":{"a":0,"k":[100,100],"ix":3},"r":{"a":0,"k":0,"ix":6},"o":{"a":0,"k":100,"ix":7},"sk":{"a":0,"k":0,"ix":4},"sa":{"a":0,"k":0,"ix":5},"nm":"Transform"}],"nm":"Rectangle 1","np":2,"cix":2,"bm":0,"ix":1,"mn":"ADBE Vector Group","hd":false}],"ip":0,"op":150,"st":0,"bm":0},{"ddd":0,"ind":6,"ty":5,"nm":"Premium","sr":1,"ks":{"o":{"a":0,"k":100,"ix":11},"r":{"a":0,"k":0,"ix":10},"p":{"a":0,"k":[157.5,61.5,0],"ix":2},"a":{"a":0,"k":[0,0,0],"ix":1},"s":{"a":0,"k":[169,169,100],"ix":6}},"ao":0,"t":{"d":{"k":[{"s":{"s":34,"f":"Montserrat-ExtraBold","t":"Premium","j":2,"tr":0,"lh":40.8,"ls":0,"fc":[1,1,1]},"t":0}]},"p":{},"m":{"g":1,"a":{"a":0,"k":[0,0],"ix":2}},"a":[]},"ip":0,"op":150,"st":0,"bm":0},{"ddd":0,"ind":8,"ty":4,"nm":"Shape Layer 1","parent":1,"sr":1,"ks":{"o":{"a":0,"k":100,"ix":11},"r":{"a":0,"k":0,"ix":10},"p":{"a":0,"k":[168.654,0.577,0],"ix":2},"a":{"a":0,"k":[0,0,0],"ix":1},"s":{"a":0,"k":[98.095,98.095,100],"ix":6}},"ao":0,"shapes":[{"ty":"gr","it":[{"ty":"rc","d":1,"s":{"a":0,"k":[306,75],"ix":2},"p":{"a":0,"k":[0,0],"ix":3},"r":{"a":0,"k":0,"ix":4},"nm":"Rectangle Path 1","mn":"ADBE Vector Shape - Rect","hd":false},{"ty":"fl","c":{"a":0,"k":[1,0.647058844566,0,1],"ix":4},"o":{"a":0,"k":100,"ix":5},"r":1,"bm":0,"nm":"Fill 1","mn":"ADBE Vector Graphic - Fill","hd":false},{"ty":"tr","p":{"a":0,"k":[-1,-0.5],"ix":2},"a":{"a":0,"k":[0,0],"ix":1},"s":{"a":0,"k":[100,100],"ix":3},"r":{"a":0,"k":0,"ix":6},"o":{"a":0,"k":100,"ix":7},"sk":{"a":0,"k":0,"ix":4},"sa":{"a":0,"k":0,"ix":5},"nm":"Transform"}],"nm":"Rectangle 1","np":2,"cix":2,"bm":0,"ix":1,"mn":"ADBE Vector Group","hd":false}],"ip":0,"op":150,"st":0,"bm":0}],"markers":[],"chars":[{"ch":"P","size":34,"style":"ExtraBold","w":72.7,"data":{"shapes":[{"ty":"gr","it":[{"ind":0,"ty":"sh","ix":1,"ks":{"a":0,"k":{"i":[[19.235,0],[0,0],[0,0],[0,0],[0,0],[0,0],[0,16.013]],"o":[[0,0],[0,0],[0,0],[0,0],[0,0],[19.235,0],[0,-16.113]],"v":[[39.276,-70.496],[7.05,-70.496],[7.05,0],[26.99,0],[26.99,-18.43],[39.276,-18.43],[70.596,-44.412]],"c":true},"ix":2},"nm":"P","mn":"ADBE Vector Shape - Group","hd":false},{"ind":1,"ty":"sh","ix":2,"ks":{"a":0,"k":{"i":[[8.258,0],[0,0],[0,0],[0,0],[0,-6.546]],"o":[[0,0],[0,0],[0,0],[8.258,0],[0,6.445]],"v":[[38.068,-34.14],[26.99,-34.14],[26.99,-54.785],[38.068,-54.785],[50.455,-44.412]],"c":true},"ix":2},"nm":"P","mn":"ADBE Vector Shape - Group","hd":false}],"nm":"P","np":5,"cix":2,"bm":0,"ix":1,"mn":"ADBE Vector Group","hd":false}]},"fFamily":"Montserrat"},{"ch":"r","size":34,"style":"ExtraBold","w":44.1,"data":{"shapes":[{"ty":"gr","it":[{"ind":0,"ty":"sh","ix":1,"ks":{"a":0,"k":{"i":[[3.928,-4.935],[0,0],[0,0],[0,0],[0,0],[0,0],[-7.755,0],[-1.712,-0.201],[0,0]],"o":[[0,0],[0,0],[0,0],[0,0],[0,0],[0,-9.567],[1.41,0],[0,0],[-8.057,0]],"v":[[24.371,-48.038],[24.371,-54.584],[6.143,-54.584],[6.143,0],[25.278,0],[25.278,-25.076],[38.37,-38.571],[42.7,-38.269],[42.7,-55.49]],"c":true},"ix":2},"nm":"r","mn":"ADBE Vector Shape - Group","hd":false}],"nm":"r","np":3,"cix":2,"bm":0,"ix":1,"mn":"ADBE Vector Group","hd":false}]},"fFamily":"Montserrat"},{"ch":"e","size":34,"style":"ExtraBold","w":64.2,"data":{"shapes":[{"ty":"gr","it":[{"ind":0,"ty":"sh","ix":1,"ks":{"a":0,"k":{"i":[[0,1.41],[16.113,0],[0,-16.415],[-19.437,0],[-5.237,5.841],[0,0],[5.338,0],[1.611,5.539],[0,0]],"o":[[0,-18.027],[-17.221,0],[0,16.315],[10.373,0],[0,0],[-3.726,3.223],[-7.05,0],[0,0],[0.101,-1.511]],"v":[[61.935,-27.191],[32.73,-55.49],[2.719,-27.393],[34.744,0.906],[58.008,-7.956],[47.937,-18.43],[35.349,-13.696],[21.954,-22.458],[61.633,-22.458]],"c":true},"ix":2},"nm":"e","mn":"ADBE Vector Shape - Group","hd":false},{"ind":1,"ty":"sh","ix":2,"ks":{"a":0,"k":{"i":[[-5.942,0],[-1.007,-5.74],[0,0]],"o":[[5.942,0],[0,0],[1.108,-5.74]],"v":[[32.831,-41.895],[44.009,-32.529],[21.652,-32.529]],"c":true},"ix":2},"nm":"e","mn":"ADBE Vector Shape - Group","hd":false}],"nm":"e","np":5,"cix":2,"bm":0,"ix":1,"mn":"ADBE Vector Group","hd":false}]},"fFamily":"Montserrat"},{"ch":"m","size":34,"style":"ExtraBold","w":104.5,"data":{"shapes":[{"ty":"gr","it":[{"ind":0,"ty":"sh","ix":1,"ks":{"a":0,"k":{"i":[[12.689,0],[4.33,-5.438],[7.452,0],[4.129,-4.431],[0,0],[0,0],[0,0],[0,0],[0,0],[-5.64,0],[0,-7.855],[0,0],[0,0],[0,0],[-5.539,0],[0,-7.855],[0,0],[0,0],[0,0]],"o":[[-7.855,0],[-3.827,-5.841],[-6.445,0],[0,0],[0,0],[0,0],[0,0],[0,0],[0,-8.459],[5.136,0],[0,0],[0,0],[0,0],[0,-8.459],[5.035,0],[0,0],[0,0],[0,0],[0,-16.919]],"v":[[77.243,-55.49],[58.31,-46.93],[40.686,-55.49],[24.371,-48.843],[24.371,-54.584],[6.143,-54.584],[6.143,0],[25.278,0],[25.278,-27.09],[34.946,-39.276],[43.204,-28.098],[43.204,0],[62.338,0],[62.338,-27.09],[71.906,-39.276],[80.164,-28.098],[80.164,0],[99.298,0],[99.298,-31.219]],"c":true},"ix":2},"nm":"m","mn":"ADBE Vector Shape - Group","hd":false}],"nm":"m","np":3,"cix":2,"bm":0,"ix":1,"mn":"ADBE Vector Group","hd":false}]},"fFamily":"Montserrat"},{"ch":"i","size":34,"style":"ExtraBold","w":31.3,"data":{"shapes":[{"ty":"gr","it":[{"ind":0,"ty":"sh","ix":1,"ks":{"a":0,"k":{"i":[[-7.05,0],[0,6.042],[7.05,0],[0,-5.74]],"o":[[7.05,0],[0,-5.74],[-7.05,0],[0,5.74]],"v":[[15.71,-60.626],[27.393,-71.1],[15.71,-80.969],[4.028,-70.798]],"c":true},"ix":2},"nm":"i","mn":"ADBE Vector Shape - Group","hd":false},{"ind":1,"ty":"sh","ix":2,"ks":{"a":0,"k":{"i":[[0,0],[0,0],[0,0],[0,0]],"o":[[0,0],[0,0],[0,0],[0,0]],"v":[[6.143,0],[25.278,0],[25.278,-54.584],[6.143,-54.584]],"c":true},"ix":2},"nm":"i","mn":"ADBE Vector Shape - Group","hd":false}],"nm":"i","np":5,"cix":2,"bm":0,"ix":1,"mn":"ADBE Vector Group","hd":false}]},"fFamily":"Montserrat"},{"ch":"u","size":34,"style":"ExtraBold","w":69.2,"data":{"shapes":[{"ty":"gr","it":[{"ind":0,"ty":"sh","ix":1,"ks":{"a":0,"k":{"i":[[0,0],[0,0],[5.64,0],[0,8.459],[0,0],[0,0],[0,0],[-13.394,0],[-4.129,4.532],[0,0],[0,0],[0,0]],"o":[[0,0],[0,9.164],[-5.74,0],[0,0],[0,0],[0,0],[0,17.322],[6.244,0],[0,0],[0,0],[0,0],[0,0]],"v":[[44.412,-54.584],[44.412,-28.299],[34.14,-15.408],[25.076,-27.191],[25.076,-54.584],[5.942,-54.584],[5.942,-24.069],[29.105,0.906],[45.319,-5.841],[45.319,0],[63.547,0],[63.547,-54.584]],"c":true},"ix":2},"nm":"u","mn":"ADBE Vector Shape - Group","hd":false}],"nm":"u","np":3,"cix":2,"bm":0,"ix":1,"mn":"ADBE Vector Group","hd":false}]},"fFamily":"Montserrat"}]}