{"nm":"Frame 193","ddd":0,"h":412,"w":360,"meta":{"g":"@lottiefiles/toolkit-js 0.26.1"},"layers":[{"ty":0,"nm":"Pre-comp 1","sr":1,"st":0,"op":62,"ip":0,"hd":false,"ddd":0,"bm":0,"hasMask":false,"ao":0,"ks":{"a":{"a":0,"k":[180,206,0],"ix":1},"s":{"a":0,"k":[100,100,100],"ix":6},"sk":{"a":0,"k":0},"p":{"a":0,"k":[180,206,0],"ix":2},"r":{"a":0,"k":0,"ix":10},"sa":{"a":0,"k":0},"o":{"a":0,"k":100,"ix":11}},"ef":[],"w":360,"h":412,"refId":"comp_0","ind":1}],"v":"5.5.9","fr":60,"op":62,"ip":0,"fonts":{"list":[{"ascent":70.9991455078125,"fClass":"","fFamily":"Myriad Pro","fStyle":"Regular","fName":"MyriadPro-Regular","fPath":"","fWeight":"","origin":0}]},"chars":[{"ch":"S","fFamily":"Myriad Pro","size":24,"style":"Regular","w":49.3,"data":{"shapes":[{"ty":"gr","bm":0,"hd":false,"mn":"ADBE Vector Group","nm":"S","ix":1,"cix":2,"np":3,"it":[{"ty":"sh","bm":0,"hd":false,"mn":"ADBE Vector Shape - Group","nm":"S","ix":1,"d":1,"ks":{"a":0,"k":{"c":true,"i":[[0,0],[-6.546,0],[0,10.474],[11.481,4.431],[0,6.345],[-9.265,0],[-2.216,-1.208],[0,0],[6.949,0],[0,-10.574],[-11.078,-3.928],[0,-6.345],[8.963,0],[3.928,2.417]],"o":[[3.625,2.417],[16.013,0],[0,-9.97],[-9.366,-3.625],[0,-4.633],[6.143,0],[0,0],[-3.021,-1.712],[-13.193,0],[0,9.567],[9.164,3.525],[0,6.848],[-6.042,0],[0,0]],"v":[[4.23,-3.323],[21.552,1.007],[45.319,-18.53],[27.997,-38.47],[14.502,-51.562],[27.292,-61.734],[40.182,-58.511],[42.599,-65.662],[27.594,-68.985],[5.64,-50.555],[23.566,-31.32],[36.356,-17.825],[22.156,-6.244],[6.445,-10.675]]},"ix":2}}]}]}},{"ch":"w","fFamily":"Myriad Pro","size":24,"style":"Regular","w":74.8,"data":{"shapes":[{"ty":"gr","bm":0,"hd":false,"mn":"ADBE Vector Group","nm":"w","ix":1,"cix":2,"np":3,"it":[{"ty":"sh","bm":0,"hd":false,"mn":"ADBE Vector Shape - Group","nm":"w","ix":1,"d":1,"ks":{"a":0,"k":{"c":true,"i":[[0,0],[0,0],[0,0],[0,0],[-1.208,5.841],[0,0],[-1.712,-5.438],[0,0],[0,0],[0,0],[0,0],[0,0],[0.806,-4.935],[0,0],[1.813,5.841],[0,0],[0,0],[0,0],[1.108,-4.935],[0,0],[1.41,5.438],[0,0]],"o":[[0,0],[0,0],[0,0],[1.712,-5.237],[0,0],[1.208,5.74],[0,0],[0,0],[0,0],[0,0],[0,0],[-1.611,5.74],[0,0],[-1.108,-4.935],[0,0],[0,0],[0,0],[-1.611,5.237],[0,0],[-0.906,-5.035],[0,0],[0,0]],"v":[[1.813,-48.743],[16.516,0],[24.573,0],[32.428,-23.163],[36.859,-39.276],[37.061,-39.276],[41.391,-23.264],[48.843,0],[56.9,0],[72.61,-48.743],[63.849,-48.743],[56.9,-24.271],[53.174,-8.459],[52.872,-8.459],[48.541,-24.371],[40.988,-48.743],[33.536,-48.743],[25.58,-23.868],[21.249,-8.459],[20.947,-8.459],[17.322,-23.969],[10.876,-48.743]]},"ix":2}}]}]}},{"ch":"i","fFamily":"Myriad Pro","size":24,"style":"Regular","w":23.4,"data":{"shapes":[{"ty":"gr","bm":0,"hd":false,"mn":"ADBE Vector Group","nm":"i","ix":1,"cix":2,"np":5,"it":[{"ty":"sh","bm":0,"hd":false,"mn":"ADBE Vector Shape - Group","nm":"i","ix":1,"d":1,"ks":{"a":0,"k":{"c":true,"i":[[0,0],[0,0],[0,0],[0,0]],"o":[[0,0],[0,0],[0,0],[0,0]],"v":[[16.214,0],[16.214,-48.743],[7.352,-48.743],[7.352,0]]},"ix":2}},{"ty":"sh","bm":0,"hd":false,"mn":"ADBE Vector Shape - Group","nm":"i","ix":2,"d":1,"ks":{"a":0,"k":{"c":true,"i":[[3.323,0],[0,-3.122],[-3.122,0],[0.101,3.021]],"o":[[-3.223,0],[0,3.021],[3.525,0],[0,-3.122]],"v":[[11.783,-67.978],[6.244,-62.439],[11.581,-57.001],[17.221,-62.439]]},"ix":2}}]}]}},{"ch":"p","fFamily":"Myriad Pro","size":24,"style":"Regular","w":56.9,"data":{"shapes":[{"ty":"gr","bm":0,"hd":false,"mn":"ADBE Vector Group","nm":"p","ix":1,"cix":2,"np":5,"it":[{"ty":"sh","bm":0,"hd":false,"mn":"ADBE Vector Shape - Group","nm":"p","ix":1,"d":1,"ks":{"a":0,"k":{"c":true,"i":[[0,0],[0,0],[0,0],[0,0],[-6.445,0],[0,17.523],[11.783,0],[3.625,-5.942],[0,0],[0,0],[0,0],[0,-6.244]],"o":[[0,0],[0,0],[0,0],[2.921,4.834],[11.481,0],[0,-14.804],[-7.956,0],[0,0],[0,0],[0,0],[0.201,4.633],[0,0]],"v":[[7.352,19.94],[16.113,19.94],[16.113,-6.546],[16.315,-6.546],[31.32,1.108],[53.476,-25.076],[32.831,-49.85],[15.509,-40.384],[15.308,-40.384],[14.905,-48.743],[6.949,-48.743],[7.352,-32.831]]},"ix":2}},{"ty":"sh","bm":0,"hd":false,"mn":"ADBE Vector Shape - Group","nm":"p","ix":2,"d":1,"ks":{"a":0,"k":{"c":true,"i":[[0,0],[-0.302,1.108],[-6.042,0],[0,-9.769],[9.366,0],[1.611,6.143],[0,1.309]],"o":[[0,-1.208],[1.712,-6.647],[9.366,0],[0,11.179],[-6.345,0],[-0.201,-1.108],[0,0]],"v":[[16.113,-28.198],[16.718,-31.824],[30.112,-42.801],[44.614,-24.673],[29.81,-5.841],[16.516,-16.214],[16.113,-19.839]]},"ix":2}}]}]}},{"ch":"e","fFamily":"Myriad Pro","size":24,"style":"Regular","w":50.1,"data":{"shapes":[{"ty":"gr","bm":0,"hd":false,"mn":"ADBE Vector Group","nm":"e","ix":1,"cix":2,"np":5,"it":[{"ty":"sh","bm":0,"hd":false,"mn":"ADBE Vector Shape - Group","nm":"e","ix":1,"d":1,"ks":{"a":0,"k":{"c":true,"i":[[0,0],[0,1.813],[15.912,0],[0,-14.703],[-15.005,0],[-3.122,1.41],[0,0],[6.345,0],[0.201,11.984]],"o":[[0.101,-0.906],[0,-8.963],[-14.2,0],[0,14.703],[7.755,0],[0,0],[-3.323,1.41],[-8.862,0],[0,0]],"v":[[46.527,-22.76],[46.829,-26.889],[26.688,-49.85],[3.827,-23.566],[27.795,1.007],[44.009,-2.014],[42.499,-8.359],[29.004,-5.841],[12.286,-22.76]]},"ix":2}},{"ty":"sh","bm":0,"hd":false,"mn":"ADBE Vector Shape - Group","nm":"e","ix":2,"d":1,"ks":{"a":0,"k":{"c":true,"i":[[0,0],[-8.963,0],[0.101,-5.64]],"o":[[0.705,-6.143],[9.97,0],[0,0]],"v":[[12.387,-29.105],[25.983,-43.506],[38.269,-29.105]]},"ix":2}}]}]}},{"ch":" ","fFamily":"Myriad Pro","size":24,"style":"Regular","w":21.2},{"ch":"u","fFamily":"Myriad Pro","size":24,"style":"Regular","w":55.1,"data":{"shapes":[{"ty":"gr","bm":0,"hd":false,"mn":"ADBE Vector Group","nm":"u","ix":1,"cix":2,"np":3,"it":[{"ty":"sh","bm":0,"hd":false,"mn":"ADBE Vector Shape - Group","nm":"u","ix":1,"d":1,"ks":{"a":0,"k":{"c":true,"i":[[0,0],[0,0],[0,0],[0.504,-1.309],[5.942,0],[0,9.265],[0,0],[0,0],[0,0],[-7.654,0],[-2.316,3.928],[0,0],[0,0],[0,0],[0,5.035]],"o":[[0,0],[0,0],[0,1.611],[-1.611,3.928],[-8.057,0],[0,0],[0,0],[0,0],[0,17.12],[8.661,0],[0,0],[0,0],[0,0],[-0.302,-3.827],[0,0]],"v":[[48.138,-48.743],[39.276,-48.743],[39.276,-18.832],[38.47,-14.301],[26.788,-6.244],[15.912,-21.753],[15.912,-48.743],[7.05,-48.743],[7.05,-20.242],[23.868,1.108],[39.981,-7.956],[40.182,-7.956],[40.686,0],[48.541,0],[48.138,-13.293]]},"ix":2}}]}]}},{"ch":"f","fFamily":"Myriad Pro","size":24,"style":"Regular","w":29.2,"data":{"shapes":[{"ty":"gr","bm":0,"hd":false,"mn":"ADBE Vector Group","nm":"f","ix":1,"cix":2,"np":3,"it":[{"ty":"sh","bm":0,"hd":false,"mn":"ADBE Vector Shape - Group","nm":"f","ix":1,"d":1,"ks":{"a":0,"k":{"c":true,"i":[[0,0],[0,0],[0,0],[0,0],[0,0],[0,0],[-7.553,0],[-1.309,-0.604],[0,0],[3.122,0],[3.323,-3.223],[0,-6.848],[0,0],[0,0],[0,0],[0,0],[0,0]],"o":[[0,0],[0,0],[0,0],[0,0],[0,0],[0,-7.452],[2.518,0],[0,0],[-1.712,-0.705],[-4.129,0],[-4.129,3.928],[0,0],[0,0],[0,0],[0,0],[0,0],[0,0]],"v":[[17.02,0],[17.02,-41.995],[28.802,-41.995],[28.802,-48.743],[17.02,-48.743],[17.02,-51.361],[26.486,-65.46],[32.126,-64.352],[33.334,-71.201],[25.781,-72.61],[13.898,-68.079],[8.258,-51.059],[8.258,-48.743],[1.41,-48.743],[1.41,-41.995],[8.258,-41.995],[8.258,0]]},"ix":2}}]}]}},{"ch":"o","fFamily":"Myriad Pro","size":24,"style":"Regular","w":54.9,"data":{"shapes":[{"ty":"gr","bm":0,"hd":false,"mn":"ADBE Vector Group","nm":"o","ix":1,"cix":2,"np":5,"it":[{"ty":"sh","bm":0,"hd":false,"mn":"ADBE Vector Shape - Group","nm":"o","ix":1,"d":1,"ks":{"a":0,"k":{"c":true,"i":[[13.998,0],[0,-16.315],[-13.193,0],[0,18.027]],"o":[[-13.495,0],[0,15.408],[11.783,0],[0,-14.905]],"v":[[27.997,-49.85],[3.827,-23.969],[27.191,1.108],[51.462,-24.774]]},"ix":2}},{"ty":"sh","bm":0,"hd":false,"mn":"ADBE Vector Shape - Group","nm":"o","ix":2,"d":1,"ks":{"a":0,"k":{"c":true,"i":[[-10.474,0],[0,-8.258],[8.459,0],[0,10.675]],"o":[[10.474,0],[0,10.977],[-8.661,0],[0,-9.265]],"v":[[27.795,-43.204],[42.398,-24.472],[27.594,-5.539],[12.79,-24.271]]},"ix":2}}]}]}},{"ch":"r","fFamily":"Myriad Pro","size":24,"style":"Regular","w":33.1,"data":{"shapes":[{"ty":"gr","bm":0,"hd":false,"mn":"ADBE Vector Group","nm":"r","ix":1,"cix":2,"np":3,"it":[{"ty":"sh","bm":0,"hd":false,"mn":"ADBE Vector Shape - Group","nm":"r","ix":1,"d":1,"ks":{"a":0,"k":{"c":true,"i":[[0,0],[0,0],[0,0],[-0.201,1.208],[-6.244,0],[-0.906,-0.201],[0,0],[1.007,0],[2.216,-6.546],[0,0],[0,0],[0,0],[0,-5.74]],"o":[[0,0],[0,0],[0,-1.511],[1.208,-6.647],[1.208,0],[0,0],[-0.806,-0.201],[-5.942,0],[0,0],[0,0],[0,0],[0.302,4.532],[0,0]],"v":[[7.352,0],[16.113,0],[16.113,-25.983],[16.516,-30.112],[28.4,-41.492],[31.421,-41.19],[31.421,-49.548],[28.903,-49.85],[15.408,-39.175],[15.005,-39.175],[14.703,-48.743],[6.949,-48.743],[7.352,-33.536]]},"ix":2}}]}]}},{"ch":"m","fFamily":"Myriad Pro","size":24,"style":"Regular","w":83.4,"data":{"shapes":[{"ty":"gr","bm":0,"hd":false,"mn":"ADBE Vector Group","nm":"m","ix":1,"cix":2,"np":3,"it":[{"ty":"sh","bm":0,"hd":false,"mn":"ADBE Vector Shape - Group","nm":"m","ix":1,"d":1,"ks":{"a":0,"k":{"c":true,"i":[[0,0],[0,0],[0,0],[-0.504,1.309],[-5.539,0],[0,-7.755],[0,0],[0,0],[0,0],[-0.403,1.208],[-5.035,0],[0,-9.366],[0,0],[0,0],[0,0],[6.445,0],[2.921,-2.216],[1.511,-2.719],[0,0],[6.647,0],[2.719,-4.633],[0,0],[0,0],[0,0],[0,-5.035]],"o":[[0,0],[0,0],[0,-1.511],[1.41,-4.431],[6.747,0],[0,0],[0,0],[0,0],[0,-1.611],[1.511,-4.33],[7.15,0],[0,0],[0,0],[0,0],[0,-16.919],[-4.633,0],[-2.014,1.511],[0,0],[-2.115,-5.74],[-8.057,0],[0,0],[0,0],[0,0],[0.302,4.028],[0,0]],"v":[[7.352,0],[16.013,0],[16.013,-29.407],[16.718,-33.737],[27.695,-42.599],[37.866,-29.205],[37.866,0],[46.527,0],[46.527,-30.112],[47.232,-34.543],[57.706,-42.599],[68.28,-27.594],[68.28,0],[76.941,0],[76.941,-28.702],[60.928,-49.85],[50.153,-46.426],[44.714,-40.082],[44.513,-40.082],[30.716,-49.85],[15.408,-40.887],[15.106,-40.887],[14.703,-48.743],[6.949,-48.743],[7.352,-35.55]]},"ix":2}}]}]}}],"assets":[{"nm":"","id":"comp_0","layers":[{"ty":5,"nm":"Swipe up for more","sr":1,"st":0,"op":3600,"ip":0,"hd":false,"ddd":0,"bm":0,"hasMask":false,"ao":0,"ks":{"a":{"a":0,"k":[0,0,0],"ix":1},"s":{"a":0,"k":[100,100,100],"ix":6},"sk":{"a":0,"k":0},"p":{"a":0,"k":[180.5,326.938,0],"ix":2},"r":{"a":0,"k":0,"ix":10},"sa":{"a":0,"k":0},"o":{"a":0,"k":100,"ix":11}},"ef":[],"t":{"m":{"a":{"a":0,"k":[0,0],"ix":2},"g":1},"p":{},"a":[],"d":{"k":[{"s":{"f":"MyriadPro-Regular","s":24,"t":"Swipe up for more","fc":[1,1,1],"lh":28.8,"tr":0,"ps":[-97.4100036621094,-17],"sz":[194.820007324219,34],"j":2,"ca":0},"t":0}]}},"ind":1},{"ty":4,"nm":"Vector","sr":1,"st":0,"op":3600,"ip":0,"hd":false,"ddd":0,"bm":0,"hasMask":false,"ao":0,"ks":{"a":{"a":0,"k":[0,0,0],"ix":1},"s":{"a":0,"k":[135,135,100],"ix":6},"sk":{"a":0,"k":0},"p":{"a":1,"k":[{"o":{"x":0.244,"y":0},"i":{"x":0.52,"y":1},"s":[237.199,201.62,0],"t":0,"ti":[0,0,0],"to":[-0.333,-7.833,0]},{"o":{"x":0.421,"y":0},"i":{"x":0.606,"y":1},"s":[235.199,154.62,0],"t":26,"ti":[-0.333,-7.833,0],"to":[0,0,0]},{"s":[237.199,201.62,0],"t":49}],"ix":2},"r":{"a":1,"k":[{"o":{"x":0.333,"y":0},"i":{"x":0.667,"y":1},"s":[-20],"t":0},{"o":{"x":0.333,"y":0},"i":{"x":0.667,"y":1},"s":[22],"t":26},{"s":[-20],"t":49}],"ix":10},"sa":{"a":0,"k":0},"o":{"a":0,"k":100,"ix":11}},"ef":[],"shapes":[{"ty":"gr","bm":0,"hd":false,"mn":"ADBE Vector Group","nm":"Vector","ix":1,"cix":2,"np":2,"it":[{"ty":"sh","bm":0,"hd":false,"mn":"ADBE Vector Shape - Group","nm":"Path 1","ix":1,"d":1,"ks":{"a":0,"k":{"c":true,"i":[[-0.6,-2.4],[-1.9,-0.3],[0.2,-2.8],[0,0],[0,-0.1],[9.5,0],[0,0],[3.2,4.5],[0,0],[-2.5,1.7],[-1.5,-2.3],[0,0],[0,0.7],[0,0],[-3.3,-0.4],[0,-2.8],[0,0],[-1.5,0],[-0.7,-2.2],[-1.7,0]],"o":[[1.2,-1.3],[2.7,0.3],[0,0],[0,0.2],[-0.1,9.5],[0,0],[-5.6,0],[-0.1,-0.1],[-1.4,-2.2],[2.5,-1.6],[0,0],[0.4,0.6],[0,0],[0,-3.2],[2.7,0.3],[0,0],[1,-1],[2.4,0],[1.1,-1.2],[2.6,0]],"v":[[18.886,-5.88],[23.686,-7.68],[28.186,-2.08],[28.186,19.12],[28.186,19.52],[10.786,36.62],[4.486,36.62],[-9.614,29.42],[-27.514,2.42],[-25.614,-4.68],[-18.314,-3.58],[-12.014,6.02],[-10.614,5.62],[-10.614,-31.18],[-4.414,-36.58],[0.286,-30.98],[0.286,-10.28],[4.186,-11.88],[9.386,-8.08],[13.586,-10.08]]},"ix":2}},{"ty":"fl","bm":0,"hd":false,"mn":"ADBE Vector Graphic - Fill","nm":"Fill 1","c":{"a":0,"k":[1,1,1],"ix":4},"r":1,"o":{"a":0,"k":100,"ix":5}},{"ty":"tr","a":{"a":0,"k":[0,0],"ix":1},"s":{"a":0,"k":[100,100],"ix":3},"sk":{"a":0,"k":0,"ix":4},"p":{"a":0,"k":[0,0],"ix":2},"r":{"a":0,"k":-48.494,"ix":6},"sa":{"a":0,"k":0,"ix":5},"o":{"a":0,"k":100,"ix":7}}]}],"ind":2},{"ty":3,"nm":"▽ Group 1101","sr":1,"st":0,"op":3600,"ip":0,"hd":false,"ddd":0,"bm":0,"hasMask":false,"ao":0,"ks":{"a":{"a":0,"k":[52,92,0],"ix":1},"s":{"a":0,"k":[100,100,100],"ix":6},"sk":{"a":0,"k":0},"p":{"a":0,"k":[180,180,0],"ix":2},"r":{"a":0,"k":0,"ix":10},"sa":{"a":0,"k":0},"o":{"a":0,"k":100,"ix":11}},"ef":[],"ind":3},{"ty":3,"nm":"▽ Group 1102","sr":1,"st":0,"op":3600,"ip":0,"hd":false,"ddd":0,"bm":0,"hasMask":false,"ao":0,"ks":{"a":{"a":0,"k":[52,92,0],"ix":1},"s":{"a":0,"k":[100,100,100],"ix":6},"sk":{"a":0,"k":0},"p":{"a":0,"k":[52,92,0],"ix":2},"r":{"a":0,"k":0,"ix":10},"sa":{"a":0,"k":0},"o":{"a":0,"k":100,"ix":11}},"ef":[],"ind":4,"parent":3},{"ty":3,"nm":"▽ Group 1103","sr":1,"st":0,"op":3600,"ip":0,"hd":false,"ddd":0,"bm":0,"hasMask":false,"ao":0,"ks":{"a":{"a":0,"k":[49,85,0],"ix":1},"s":{"a":0,"k":[100,100,100],"ix":6},"sk":{"a":0,"k":0},"p":{"a":0,"k":[52,89,0],"ix":2},"r":{"a":0,"k":0,"ix":10},"sa":{"a":0,"k":0},"o":{"a":0,"k":100,"ix":11}},"ef":[],"ind":5,"parent":4},{"ty":4,"nm":"Polygon 3","sr":1,"st":0,"op":3600,"ip":0,"hd":false,"ddd":0,"bm":0,"hasMask":false,"ao":0,"ks":{"a":{"a":0,"k":[0,0,0],"ix":1},"s":{"a":0,"k":[-100,-100,100],"ix":6},"sk":{"a":0,"k":0},"p":{"a":1,"k":[{"o":{"x":0.333,"y":0},"i":{"x":0.667,"y":1},"s":[52.752,238.356,0],"t":10,"ti":[0,24.5,0],"to":[0,-24.5,0]},{"s":[52.752,91.356,0],"t":46}],"ix":2},"r":{"a":0,"k":0,"ix":10},"sa":{"a":0,"k":0},"o":{"a":1,"k":[{"o":{"x":0.333,"y":0},"i":{"x":0.667,"y":1},"s":[0],"t":10},{"o":{"x":0.333,"y":0},"i":{"x":0.667,"y":1},"s":[1],"t":29},{"o":{"x":0.333,"y":0},"i":{"x":0.667,"y":1},"s":[100],"t":30},{"s":[100],"t":47}],"ix":11}},"ef":[],"shapes":[{"ty":"gr","bm":0,"hd":false,"mn":"ADBE Vector Group","nm":"Polygon 2","ix":1,"cix":2,"np":2,"it":[{"ty":"sh","bm":0,"hd":false,"mn":"ADBE Vector Shape - Group","nm":"Path 1","ix":1,"d":1,"ks":{"a":0,"k":{"c":true,"i":[[0,0],[1.54,-2.667],[0,0],[-3.079,0],[0,0],[1.54,2.667]],"o":[[-1.54,-2.667],[0,0],[-1.54,2.667],[0,0],[3.079,0],[0,0]],"v":[[3.464,-19],[-3.464,-19],[-18.187,6.5],[-14.722,12.5],[14.722,12.5],[18.186,6.5]]},"ix":2}},{"ty":"fl","bm":0,"hd":false,"mn":"ADBE Vector Graphic - Fill","nm":"Fill 1","c":{"a":0,"k":[0.7686,0.7686,0.7686],"ix":4},"r":1,"o":{"a":0,"k":100,"ix":5}},{"ty":"tr","a":{"a":0,"k":[0,0],"ix":1},"s":{"a":0,"k":[100,100],"ix":3},"sk":{"a":0,"k":0,"ix":4},"p":{"a":0,"k":[0,0],"ix":2},"r":{"a":0,"k":-90,"ix":6},"sa":{"a":0,"k":0,"ix":5},"o":{"a":0,"k":100,"ix":7}}]}],"ind":6,"parent":5},{"ty":4,"nm":"Polygon 2","sr":1,"st":0,"op":3600,"ip":0,"hd":false,"ddd":0,"bm":0,"hasMask":false,"ao":0,"ks":{"a":{"a":0,"k":[0,0,0],"ix":1},"s":{"a":0,"k":[-100,-100,100],"ix":6},"sk":{"a":0,"k":0},"p":{"a":1,"k":[{"o":{"x":0.333,"y":0},"i":{"x":0.667,"y":1},"s":[52.752,91.356,0],"t":10,"ti":[0,16,0],"to":[0,-16,0]},{"s":[52.752,-4.644,0],"t":44}],"ix":2},"r":{"a":0,"k":0,"ix":10},"sa":{"a":0,"k":0},"o":{"a":1,"k":[{"o":{"x":0.333,"y":0},"i":{"x":0.667,"y":1},"s":[100],"t":10},{"s":[0],"t":34}],"ix":11}},"ef":[],"shapes":[{"ty":"gr","bm":0,"hd":false,"mn":"ADBE Vector Group","nm":"Polygon 2","ix":1,"cix":2,"np":2,"it":[{"ty":"sh","bm":0,"hd":false,"mn":"ADBE Vector Shape - Group","nm":"Path 1","ix":1,"d":1,"ks":{"a":0,"k":{"c":true,"i":[[0,0],[1.54,-2.667],[0,0],[-3.079,0],[0,0],[1.54,2.667]],"o":[[-1.54,-2.667],[0,0],[-1.54,2.667],[0,0],[3.079,0],[0,0]],"v":[[3.464,-19],[-3.464,-19],[-18.187,6.5],[-14.722,12.5],[14.722,12.5],[18.186,6.5]]},"ix":2}},{"ty":"fl","bm":0,"hd":false,"mn":"ADBE Vector Graphic - Fill","nm":"Fill 1","c":{"a":0,"k":[0.7686,0.7686,0.7686],"ix":4},"r":1,"o":{"a":0,"k":100,"ix":5}},{"ty":"tr","a":{"a":0,"k":[0,0],"ix":1},"s":{"a":0,"k":[100,100],"ix":3},"sk":{"a":0,"k":0,"ix":4},"p":{"a":0,"k":[0,0],"ix":2},"r":{"a":0,"k":-90,"ix":6},"sa":{"a":0,"k":0,"ix":5},"o":{"a":0,"k":100,"ix":7}}]}],"ind":7,"parent":5},{"ty":4,"nm":"Rectangle 650","sr":1,"st":0,"op":3600,"ip":0,"hd":false,"ddd":0,"bm":0,"hasMask":false,"ao":0,"ks":{"a":{"a":0,"k":[0,0,0],"ix":1},"s":{"a":0,"k":[100,100,100],"ix":6},"sk":{"a":0,"k":0},"p":{"a":0,"k":[180,177,0],"ix":2},"r":{"a":0,"k":0,"ix":10},"sa":{"a":0,"k":0},"o":{"a":0,"k":70,"ix":11}},"ef":[],"shapes":[{"ty":"gr","bm":0,"hd":false,"mn":"ADBE Vector Group","nm":"Rectangle 648","ix":1,"cix":2,"np":2,"it":[{"ty":"rc","bm":0,"hd":false,"mn":"ADBE Vector Shape - Rect","nm":"Rectangle Path 1","d":1,"p":{"a":0,"k":[0,0],"ix":3},"r":{"a":0,"k":13,"ix":4},"s":{"a":0,"k":[98,170],"ix":2}},{"ty":"st","bm":0,"hd":false,"mn":"ADBE Vector Graphic - Stroke","nm":"Stroke 1","lc":1,"lj":1,"ml":4,"o":{"a":0,"k":100,"ix":4},"w":{"a":0,"k":4,"ix":5},"c":{"a":0,"k":[1,1,1],"ix":3}},{"ty":"tr","a":{"a":0,"k":[0,0],"ix":1},"s":{"a":0,"k":[100,100],"ix":3},"sk":{"a":0,"k":0,"ix":4},"p":{"a":0,"k":[0,0],"ix":2},"r":{"a":0,"k":0,"ix":6},"sa":{"a":0,"k":0,"ix":5},"o":{"a":0,"k":100,"ix":7}}]}],"ind":8},{"ty":4,"nm":"Rectangle 648","sr":1,"st":-95,"op":3505,"ip":-95,"hd":false,"ddd":0,"bm":0,"hasMask":false,"ao":0,"ks":{"a":{"a":0,"k":[0,0,0],"ix":1},"s":{"a":0,"k":[100,100,100],"ix":6},"sk":{"a":0,"k":0},"p":{"a":0,"k":[49,85,0],"ix":2},"r":{"a":0,"k":0,"ix":10},"sa":{"a":0,"k":0},"o":{"a":0,"k":70,"ix":11}},"ef":[],"shapes":[{"ty":"gr","bm":0,"hd":false,"mn":"ADBE Vector Group","nm":"Rectangle 648","ix":1,"cix":2,"np":2,"it":[{"ty":"rc","bm":0,"hd":false,"mn":"ADBE Vector Shape - Rect","nm":"Rectangle Path 1","d":1,"p":{"a":0,"k":[0,0],"ix":3},"r":{"a":0,"k":13,"ix":4},"s":{"a":0,"k":[98,170],"ix":2}},{"ty":"fl","bm":0,"hd":false,"mn":"ADBE Vector Graphic - Fill","nm":"Fill 1","c":{"a":0,"k":[0,0,0],"ix":4},"r":1,"o":{"a":0,"k":100,"ix":5}},{"ty":"tr","a":{"a":0,"k":[0,0],"ix":1},"s":{"a":0,"k":[100,100],"ix":3},"sk":{"a":0,"k":0,"ix":4},"p":{"a":0,"k":[0,0],"ix":2},"r":{"a":0,"k":0,"ix":6},"sa":{"a":0,"k":0,"ix":5},"o":{"a":0,"k":100,"ix":7}}]}],"ind":9,"parent":5}]}]}