{"v":"5.8.1","fr":30,"ip":0,"op":35,"w":900,"h":700,"nm":"Comp 2","ddd":0,"assets":[],"layers":[{"ddd":0,"ind":3,"ty":3,"nm":"Adjustment Layer 2","sr":1,"ks":{"o":{"a":1,"k":[{"i":{"x":[0.667],"y":[1]},"o":{"x":[0.333],"y":[0]},"t":10,"s":[0]},{"t":20,"s":[100]}],"ix":11},"r":{"a":0,"k":0,"ix":10},"p":{"a":0,"k":[448,350,0],"ix":2,"l":2},"a":{"a":0,"k":[350,250,0],"ix":1,"l":2},"s":{"a":0,"k":[141.6,141.6,100],"ix":6,"l":2}},"ao":0,"ef":[{"ty":5,"nm":"Glow","np":16,"mn":"ADBE Glo2","ix":1,"en":1,"ef":[{"ty":7,"nm":"Glow Based On","mn":"ADBE Glo2-0001","ix":1,"v":{"a":0,"k":2,"ix":1}},{"ty":0,"nm":"Glow Threshold","mn":"ADBE Glo2-0002","ix":2,"v":{"a":0,"k":153,"ix":2}},{"ty":0,"nm":"Glow Radius","mn":"ADBE Glo2-0003","ix":3,"v":{"a":0,"k":130,"ix":3}},{"ty":0,"nm":"Glow Intensity","mn":"ADBE Glo2-0004","ix":4,"v":{"a":0,"k":0.4,"ix":4}},{"ty":7,"nm":"Composite Original","mn":"ADBE Glo2-0005","ix":5,"v":{"a":0,"k":2,"ix":5}},{"ty":7,"nm":"Glow Operation","mn":"ADBE Glo2-0006","ix":6,"v":{"a":0,"k":3,"ix":6}},{"ty":7,"nm":"Glow Colors","mn":"ADBE Glo2-0007","ix":7,"v":{"a":0,"k":1,"ix":7}},{"ty":7,"nm":"Color Looping","mn":"ADBE Glo2-0008","ix":8,"v":{"a":0,"k":3,"ix":8}},{"ty":0,"nm":"Color Loops","mn":"ADBE Glo2-0009","ix":9,"v":{"a":0,"k":1,"ix":9}},{"ty":0,"nm":"Color Phase","mn":"ADBE Glo2-0010","ix":10,"v":{"a":0,"k":0,"ix":10}},{"ty":0,"nm":"A & B Midpoint","mn":"ADBE Glo2-0011","ix":11,"v":{"a":0,"k":0.5,"ix":11}},{"ty":2,"nm":"Color A","mn":"ADBE Glo2-0012","ix":12,"v":{"a":0,"k":[1,1,1,0],"ix":12}},{"ty":2,"nm":"Color B","mn":"ADBE Glo2-0013","ix":13,"v":{"a":0,"k":[0,0,0,0],"ix":13}},{"ty":7,"nm":"Glow Dimensions","mn":"ADBE Glo2-0014","ix":14,"v":{"a":0,"k":1,"ix":14}}]},{"ty":5,"nm":"Glow 2","np":16,"mn":"ADBE Glo2","ix":2,"en":1,"ef":[{"ty":7,"nm":"Glow Based On","mn":"ADBE Glo2-0001","ix":1,"v":{"a":0,"k":2,"ix":1}},{"ty":0,"nm":"Glow Threshold","mn":"ADBE Glo2-0002","ix":2,"v":{"a":0,"k":153,"ix":2}},{"ty":0,"nm":"Glow Radius","mn":"ADBE Glo2-0003","ix":3,"v":{"a":0,"k":255,"ix":3}},{"ty":0,"nm":"Glow Intensity","mn":"ADBE Glo2-0004","ix":4,"v":{"a":0,"k":0.2,"ix":4}},{"ty":7,"nm":"Composite Original","mn":"ADBE Glo2-0005","ix":5,"v":{"a":0,"k":2,"ix":5}},{"ty":7,"nm":"Glow Operation","mn":"ADBE Glo2-0006","ix":6,"v":{"a":0,"k":3,"ix":6}},{"ty":7,"nm":"Glow Colors","mn":"ADBE Glo2-0007","ix":7,"v":{"a":0,"k":1,"ix":7}},{"ty":7,"nm":"Color Looping","mn":"ADBE Glo2-0008","ix":8,"v":{"a":0,"k":3,"ix":8}},{"ty":0,"nm":"Color Loops","mn":"ADBE Glo2-0009","ix":9,"v":{"a":0,"k":1,"ix":9}},{"ty":0,"nm":"Color Phase","mn":"ADBE Glo2-0010","ix":10,"v":{"a":0,"k":0,"ix":10}},{"ty":0,"nm":"A & B Midpoint","mn":"ADBE Glo2-0011","ix":11,"v":{"a":0,"k":0.5,"ix":11}},{"ty":2,"nm":"Color A","mn":"ADBE Glo2-0012","ix":12,"v":{"a":0,"k":[1,1,1,0],"ix":12}},{"ty":2,"nm":"Color B","mn":"ADBE Glo2-0013","ix":13,"v":{"a":0,"k":[0,0,0,0],"ix":13}},{"ty":7,"nm":"Glow Dimensions","mn":"ADBE Glo2-0014","ix":14,"v":{"a":0,"k":1,"ix":14}}]},{"ty":5,"nm":"Glow 3","np":16,"mn":"ADBE Glo2","ix":3,"en":1,"ef":[{"ty":7,"nm":"Glow Based On","mn":"ADBE Glo2-0001","ix":1,"v":{"a":0,"k":2,"ix":1}},{"ty":0,"nm":"Glow Threshold","mn":"ADBE Glo2-0002","ix":2,"v":{"a":0,"k":153,"ix":2}},{"ty":0,"nm":"Glow Radius","mn":"ADBE Glo2-0003","ix":3,"v":{"a":0,"k":467,"ix":3}},{"ty":0,"nm":"Glow Intensity","mn":"ADBE Glo2-0004","ix":4,"v":{"a":0,"k":0.2,"ix":4}},{"ty":7,"nm":"Composite Original","mn":"ADBE Glo2-0005","ix":5,"v":{"a":0,"k":2,"ix":5}},{"ty":7,"nm":"Glow Operation","mn":"ADBE Glo2-0006","ix":6,"v":{"a":0,"k":3,"ix":6}},{"ty":7,"nm":"Glow Colors","mn":"ADBE Glo2-0007","ix":7,"v":{"a":0,"k":1,"ix":7}},{"ty":7,"nm":"Color Looping","mn":"ADBE Glo2-0008","ix":8,"v":{"a":0,"k":3,"ix":8}},{"ty":0,"nm":"Color Loops","mn":"ADBE Glo2-0009","ix":9,"v":{"a":0,"k":1,"ix":9}},{"ty":0,"nm":"Color Phase","mn":"ADBE Glo2-0010","ix":10,"v":{"a":0,"k":0,"ix":10}},{"ty":0,"nm":"A & B Midpoint","mn":"ADBE Glo2-0011","ix":11,"v":{"a":0,"k":0.5,"ix":11}},{"ty":2,"nm":"Color A","mn":"ADBE Glo2-0012","ix":12,"v":{"a":0,"k":[1,1,1,0],"ix":12}},{"ty":2,"nm":"Color B","mn":"ADBE Glo2-0013","ix":13,"v":{"a":0,"k":[0,0,0,0],"ix":13}},{"ty":7,"nm":"Glow Dimensions","mn":"ADBE Glo2-0014","ix":14,"v":{"a":0,"k":1,"ix":14}}]},{"ty":5,"nm":"Exposure","np":24,"mn":"ADBE Exposure2","ix":4,"en":1,"ef":[{"ty":7,"nm":"Channels:","mn":"ADBE Exposure2-0001","ix":1,"v":{"a":0,"k":1,"ix":1}},{"ty":6,"nm":"Master","mn":"ADBE Exposure2-0002","ix":2,"v":0},{"ty":0,"nm":"Exposure","mn":"ADBE Exposure2-0003","ix":3,"v":{"a":0,"k":2.44,"ix":3}},{"ty":0,"nm":"Offset","mn":"ADBE Exposure2-0004","ix":4,"v":{"a":0,"k":0,"ix":4}},{"ty":0,"nm":"Gamma Correction","mn":"ADBE Exposure2-0005","ix":5,"v":{"a":0,"k":1.19,"ix":5}},{"ty":6,"nm":"Master","mn":"ADBE Exposure2-0006","ix":6,"v":0},{"ty":6,"nm":"Red","mn":"ADBE Exposure2-0007","ix":7,"v":0},{"ty":0,"nm":"Red Exposure","mn":"ADBE Exposure2-0008","ix":8,"v":{"a":0,"k":0,"ix":8}},{"ty":0,"nm":"Red Offset","mn":"ADBE Exposure2-0009","ix":9,"v":{"a":0,"k":0,"ix":9}},{"ty":0,"nm":"Red Gamma Correction","mn":"ADBE Exposure2-0010","ix":10,"v":{"a":0,"k":1,"ix":10}},{"ty":6,"nm":"Red","mn":"ADBE Exposure2-0011","ix":11,"v":0},{"ty":6,"nm":"Green","mn":"ADBE Exposure2-0012","ix":12,"v":0},{"ty":0,"nm":"Green Exposure","mn":"ADBE Exposure2-0013","ix":13,"v":{"a":0,"k":0,"ix":13}},{"ty":0,"nm":"Green Offset","mn":"ADBE Exposure2-0014","ix":14,"v":{"a":0,"k":0,"ix":14}},{"ty":0,"nm":"Green Gamma Correction","mn":"ADBE Exposure2-0015","ix":15,"v":{"a":0,"k":1,"ix":15}},{"ty":6,"nm":"Green","mn":"ADBE Exposure2-0016","ix":16,"v":0},{"ty":6,"nm":"Blue","mn":"ADBE Exposure2-0017","ix":17,"v":0},{"ty":0,"nm":"Blue Exposure","mn":"ADBE Exposure2-0018","ix":18,"v":{"a":0,"k":0,"ix":18}},{"ty":0,"nm":"Blue Offset","mn":"ADBE Exposure2-0019","ix":19,"v":{"a":0,"k":0,"ix":19}},{"ty":0,"nm":"Blue Gamma Correction","mn":"ADBE Exposure2-0020","ix":20,"v":{"a":0,"k":1,"ix":20}},{"ty":6,"nm":"Blue","mn":"ADBE Exposure2-0021","ix":21,"v":0},{"ty":7,"nm":"Bypass Linear Light Conversion","mn":"ADBE Exposure2-0022","ix":22,"v":{"a":0,"k":0,"ix":22}}]}],"ip":0,"op":693,"st":0,"bm":0},{"ddd":0,"ind":5,"ty":1,"nm":"W 2","sr":1,"ks":{"o":{"a":0,"k":100,"ix":11},"r":{"a":0,"k":0,"ix":10},"p":{"a":0,"k":[456,340,0],"ix":2,"l":2},"a":{"a":0,"k":[350,250,0],"ix":1,"l":2},"s":{"a":0,"k":[100,100,100],"ix":6,"l":2}},"ao":0,"hasMask":true,"masksProperties":[{"inv":false,"mode":"n","pt":{"a":0,"k":{"i":[[0,0],[-54,-98],[0,0],[-64.001,90],[0,0],[31.128,-60.773],[0,0],[-108,89],[-108,107]],"o":[[0,0],[86,126],[0,0],[37.999,-56],[0,0],[-42,82],[0,0],[84,-85],[31.712,-31.419]],"v":[[126,90],[127,380],[326,301],[428.001,140],[417.001,68],[340,110],[315,302],[461,384],[656,55]],"c":false},"ix":1},"o":{"a":0,"k":100,"ix":3},"x":{"a":0,"k":0,"ix":4},"nm":"Mask 1"}],"ef":[{"ty":5,"nm":"Thicc Stroke","np":57,"mn":"PEVS","ix":1,"en":1,"ef":[{"ty":6,"nm":"About & Support","mn":"PEVS-0041","ix":1,"v":0},{},{"ty":6,"nm":"Thicc Stroke v1.2.0","mn":"PEVS-0043","ix":3,"v":0},{"ty":6,"nm":"","mn":"PEVS-0044","ix":4,"v":0},{"ty":6,"nm":"","mn":"PEVS-0045","ix":5,"v":0},{"ty":7,"nm":"Version","mn":"PEVS-0046","ix":6,"v":{"a":0,"k":1,"ix":6}},{"ty":7,"nm":"Vendor","mn":"PEVS-0047","ix":7,"v":{"a":0,"k":1,"ix":7}},{"ty":7,"nm":"Renderer","mn":"PEVS-0048","ix":8,"v":{"a":0,"k":1,"ix":8}},{"ty":7,"nm":"Shader Version","mn":"PEVS-0049","ix":9,"v":{"a":0,"k":1,"ix":9}},{"ty":6,"nm":"","mn":"PEVS-0050","ix":10,"v":0},{"ty":6,"nm":"","mn":"PEVS-0051","ix":11,"v":0},{"ty":6,"nm":"","mn":"PEVS-0052","ix":12,"v":0},{"ty":10,"nm":"Mask","mn":"PEVS-0001","ix":13,"v":{"a":0,"k":1,"ix":13}},{"ty":7,"nm":"Force Path Open","mn":"PEVS-0006","ix":14,"v":{"a":0,"k":0,"ix":14}},{"ty":0,"nm":"Cycle Removed Segment","mn":"PEVS-0038","ix":15,"v":{"a":0,"k":0,"ix":15}},{"ty":6,"nm":"Width Controls","mn":"PEVS-0002","ix":16,"v":0},{"ty":7,"nm":"Mode","mn":"PEVS-0003","ix":17,"v":{"a":0,"k":1,"ix":17}},{"ty":0,"nm":"Width Start","mn":"PEVS-0004","ix":18,"v":{"a":0,"k":80,"ix":18}},{"ty":0,"nm":"Width End","mn":"PEVS-0005","ix":19,"v":{"a":0,"k":170,"ix":19}},{"ty":0,"nm":"Width Multiplier","mn":"PEVS-0036","ix":20,"v":{"a":0,"k":1,"ix":20}},{"ty":6,"nm":"","mn":"PEVS-0007","ix":21,"v":0},{"ty":6,"nm":"Style","mn":"PEVS-0008","ix":22,"v":0},{"ty":7,"nm":"Cap","mn":"PEVS-0009","ix":23,"v":{"a":0,"k":1,"ix":23}},{"ty":7,"nm":"Width Interpolation","mn":"PEVS-0010","ix":24,"v":{"a":0,"k":1,"ix":24}},{"ty":6,"nm":"Color","mn":"PEVS-0011","ix":25,"v":0},{"ty":7,"nm":"Mode","mn":"PEVS-0012","ix":26,"v":{"a":0,"k":4,"ix":26}},{"ty":2,"nm":"Color A","mn":"PEVS-0013","ix":27,"v":{"a":0,"k":[0.203921586275,0.643137276173,1,1],"ix":27}},{"ty":2,"nm":"Color B","mn":"PEVS-0014","ix":28,"v":{"a":0,"k":[0.352941185236,0.486274540424,1,1],"ix":28}},{"ty":2,"nm":"Color C","mn":"PEVS-0015","ix":29,"v":{"a":0,"k":[0.556862771511,0.333333343267,0.972549080849,1],"ix":29}},{"ty":2,"nm":"Color D","mn":"PEVS-0016","ix":30,"v":{"a":0,"k":[0.882353007793,0.207843154669,0.874509871006,1],"ix":30}},{},{"ty":0,"nm":"Gradient Pt Select","mn":"PEVS-0053","ix":32,"v":{"a":0,"k":-1,"ix":32}},{"ty":0,"nm":"Point Location","mn":"PEVS-0054","ix":33,"v":{"a":0,"k":100,"ix":33}},{"ty":0,"nm":"Cycle","mn":"PEVS-0018","ix":34,"v":{"a":0,"k":0,"ix":34}},{"ty":7,"nm":"Loop Colors","mn":"PEVS-0037","ix":35,"v":{"a":0,"k":1,"ix":35}},{"ty":6,"nm":"","mn":"PEVS-0017","ix":36,"v":0},{"ty":6,"nm":"","mn":"PEVS-0019","ix":37,"v":0},{"ty":0,"nm":"Opacity","mn":"PEVS-0020","ix":38,"v":{"a":0,"k":100,"ix":38}},{"ty":7,"nm":"Reverse Draw Order","mn":"PEVS-0039","ix":39,"v":{"a":0,"k":0,"ix":39}},{"ty":6,"nm":"","mn":"PEVS-0055","ix":40,"v":0},{"ty":6,"nm":"","mn":"PEVS-0021","ix":41,"v":0},{"ty":6,"nm":"Trim Paths","mn":"PEVS-0022","ix":42,"v":0},{"ty":0,"nm":"Start","mn":"PEVS-0023","ix":43,"v":{"a":1,"k":[{"i":{"x":[0.783],"y":[0.999]},"o":{"x":[0.526],"y":[0.002]},"t":15,"s":[0]},{"t":30,"s":[100]}],"ix":43}},{"ty":0,"nm":"End","mn":"PEVS-0024","ix":44,"v":{"a":1,"k":[{"i":{"x":[0.784],"y":[0.999]},"o":{"x":[0.526],"y":[0.002]},"t":10,"s":[0]},{"t":25,"s":[100]}],"ix":44}},{"ty":0,"nm":"Offset","mn":"PEVS-0025","ix":45,"v":{"a":0,"k":0,"ix":45}},{"ty":7,"nm":"Influences","mn":"PEVS-0026","ix":46,"v":{"a":0,"k":1,"ix":46}},{"ty":6,"nm":"","mn":"PEVS-0027","ix":47,"v":0},{"ty":6,"nm":"Quality","mn":"PEVS-0028","ix":48,"v":0},{"ty":0,"nm":"Subdivisions Multiplier","mn":"PEVS-0029","ix":49,"v":{"a":0,"k":1,"ix":49}},{"ty":0,"nm":"FXAA","mn":"PEVS-0030","ix":50,"v":{"a":0,"k":50,"ix":50}},{"ty":6,"nm":"","mn":"PEVS-0031","ix":51,"v":0},{"ty":0,"nm":"Left","mn":"PEVS-0032","ix":52,"v":{"a":0,"k":0,"ix":52}},{"ty":0,"nm":"Top","mn":"PEVS-0033","ix":53,"v":{"a":0,"k":0,"ix":53}},{"ty":0,"nm":"Right","mn":"PEVS-0034","ix":54,"v":{"a":0,"k":0,"ix":54}},{"ty":0,"nm":"Bottom","mn":"PEVS-0035","ix":55,"v":{"a":0,"k":0,"ix":55}}]}],"sw":700,"sh":500,"sc":"#000000","ip":0,"op":693,"st":0,"bm":0},{"ddd":0,"ind":6,"ty":1,"nm":"W 4","sr":1,"ks":{"o":{"a":0,"k":100,"ix":11},"r":{"a":0,"k":0,"ix":10},"p":{"a":0,"k":[456,340,0],"ix":2,"l":2},"a":{"a":0,"k":[350,250,0],"ix":1,"l":2},"s":{"a":0,"k":[100,100,100],"ix":6,"l":2}},"ao":0,"hasMask":true,"masksProperties":[{"inv":false,"mode":"n","pt":{"a":0,"k":{"i":[[0,0],[-54,-98],[0,0],[-61.001,80],[0,0],[31.128,-60.773],[0,0],[-108,89],[-108,107]],"o":[[0,0],[86,126],[0,0],[37.999,-56],[0,0],[-42,82],[0,0],[84,-85],[31.712,-31.419]],"v":[[126,101],[127,380],[323,306],[422.001,158],[414.001,79],[339,120],[315,302],[461,398],[660,40]],"c":false},"ix":1},"o":{"a":0,"k":100,"ix":3},"x":{"a":0,"k":0,"ix":4},"nm":"Mask 1"}],"ef":[{"ty":5,"nm":"Thicc Stroke","np":57,"mn":"PEVS","ix":1,"en":1,"ef":[{"ty":6,"nm":"About & Support","mn":"PEVS-0041","ix":1,"v":0},{},{"ty":6,"nm":"Thicc Stroke v1.2.0","mn":"PEVS-0043","ix":3,"v":0},{"ty":6,"nm":"","mn":"PEVS-0044","ix":4,"v":0},{"ty":6,"nm":"","mn":"PEVS-0045","ix":5,"v":0},{"ty":7,"nm":"Version","mn":"PEVS-0046","ix":6,"v":{"a":0,"k":1,"ix":6}},{"ty":7,"nm":"Vendor","mn":"PEVS-0047","ix":7,"v":{"a":0,"k":1,"ix":7}},{"ty":7,"nm":"Renderer","mn":"PEVS-0048","ix":8,"v":{"a":0,"k":1,"ix":8}},{"ty":7,"nm":"Shader Version","mn":"PEVS-0049","ix":9,"v":{"a":0,"k":1,"ix":9}},{"ty":6,"nm":"","mn":"PEVS-0050","ix":10,"v":0},{"ty":6,"nm":"","mn":"PEVS-0051","ix":11,"v":0},{"ty":6,"nm":"","mn":"PEVS-0052","ix":12,"v":0},{"ty":10,"nm":"Mask","mn":"PEVS-0001","ix":13,"v":{"a":0,"k":1,"ix":13}},{"ty":7,"nm":"Force Path Open","mn":"PEVS-0006","ix":14,"v":{"a":0,"k":0,"ix":14}},{"ty":0,"nm":"Cycle Removed Segment","mn":"PEVS-0038","ix":15,"v":{"a":0,"k":0,"ix":15}},{"ty":6,"nm":"Width Controls","mn":"PEVS-0002","ix":16,"v":0},{"ty":7,"nm":"Mode","mn":"PEVS-0003","ix":17,"v":{"a":0,"k":1,"ix":17}},{"ty":0,"nm":"Width Start","mn":"PEVS-0004","ix":18,"v":{"a":0,"k":170,"ix":18}},{"ty":0,"nm":"Width End","mn":"PEVS-0005","ix":19,"v":{"a":0,"k":80,"ix":19}},{"ty":0,"nm":"Width Multiplier","mn":"PEVS-0036","ix":20,"v":{"a":0,"k":1,"ix":20}},{"ty":6,"nm":"","mn":"PEVS-0007","ix":21,"v":0},{"ty":6,"nm":"Style","mn":"PEVS-0008","ix":22,"v":0},{"ty":7,"nm":"Cap","mn":"PEVS-0009","ix":23,"v":{"a":0,"k":1,"ix":23}},{"ty":7,"nm":"Width Interpolation","mn":"PEVS-0010","ix":24,"v":{"a":0,"k":1,"ix":24}},{"ty":6,"nm":"Color","mn":"PEVS-0011","ix":25,"v":0},{"ty":7,"nm":"Mode","mn":"PEVS-0012","ix":26,"v":{"a":0,"k":4,"ix":26}},{"ty":2,"nm":"Color A","mn":"PEVS-0013","ix":27,"v":{"a":0,"k":[0.203921586275,0.643137276173,1,1],"ix":27}},{"ty":2,"nm":"Color B","mn":"PEVS-0014","ix":28,"v":{"a":0,"k":[0.352941185236,0.486274540424,1,1],"ix":28}},{"ty":2,"nm":"Color C","mn":"PEVS-0015","ix":29,"v":{"a":0,"k":[0.556862771511,0.333333343267,0.972549080849,1],"ix":29}},{"ty":2,"nm":"Color D","mn":"PEVS-0016","ix":30,"v":{"a":0,"k":[0.882353007793,0.207843154669,0.874509871006,1],"ix":30}},{},{"ty":0,"nm":"Gradient Pt Select","mn":"PEVS-0053","ix":32,"v":{"a":0,"k":-1,"ix":32}},{"ty":0,"nm":"Point Location","mn":"PEVS-0054","ix":33,"v":{"a":0,"k":100,"ix":33}},{"ty":0,"nm":"Cycle","mn":"PEVS-0018","ix":34,"v":{"a":0,"k":0,"ix":34}},{"ty":7,"nm":"Loop Colors","mn":"PEVS-0037","ix":35,"v":{"a":0,"k":1,"ix":35}},{"ty":6,"nm":"","mn":"PEVS-0017","ix":36,"v":0},{"ty":6,"nm":"","mn":"PEVS-0019","ix":37,"v":0},{"ty":0,"nm":"Opacity","mn":"PEVS-0020","ix":38,"v":{"a":0,"k":100,"ix":38}},{"ty":7,"nm":"Reverse Draw Order","mn":"PEVS-0039","ix":39,"v":{"a":0,"k":0,"ix":39}},{"ty":6,"nm":"","mn":"PEVS-0055","ix":40,"v":0},{"ty":6,"nm":"","mn":"PEVS-0021","ix":41,"v":0},{"ty":6,"nm":"Trim Paths","mn":"PEVS-0022","ix":42,"v":0},{"ty":0,"nm":"Start","mn":"PEVS-0023","ix":43,"v":{"a":0,"k":0,"ix":43}},{"ty":0,"nm":"End","mn":"PEVS-0024","ix":44,"v":{"a":1,"k":[{"i":{"x":[0.784],"y":[0.999]},"o":{"x":[0.526],"y":[0.002]},"t":10,"s":[0]},{"t":25,"s":[100]}],"ix":44}},{"ty":0,"nm":"Offset","mn":"PEVS-0025","ix":45,"v":{"a":0,"k":0,"ix":45}},{"ty":7,"nm":"Influences","mn":"PEVS-0026","ix":46,"v":{"a":0,"k":5,"ix":46}},{"ty":6,"nm":"","mn":"PEVS-0027","ix":47,"v":0},{"ty":6,"nm":"Quality","mn":"PEVS-0028","ix":48,"v":0},{"ty":0,"nm":"Subdivisions Multiplier","mn":"PEVS-0029","ix":49,"v":{"a":0,"k":1,"ix":49}},{"ty":0,"nm":"FXAA","mn":"PEVS-0030","ix":50,"v":{"a":0,"k":50,"ix":50}},{"ty":6,"nm":"","mn":"PEVS-0031","ix":51,"v":0},{"ty":0,"nm":"Left","mn":"PEVS-0032","ix":52,"v":{"a":0,"k":0,"ix":52}},{"ty":0,"nm":"Top","mn":"PEVS-0033","ix":53,"v":{"a":0,"k":0,"ix":53}},{"ty":0,"nm":"Right","mn":"PEVS-0034","ix":54,"v":{"a":0,"k":0,"ix":54}},{"ty":0,"nm":"Bottom","mn":"PEVS-0035","ix":55,"v":{"a":0,"k":0,"ix":55}}]}],"sw":700,"sh":500,"sc":"#000000","ip":0,"op":693,"st":0,"bm":0},{"ddd":0,"ind":7,"ty":1,"nm":"W white","sr":1,"ks":{"o":{"a":0,"k":20,"ix":11},"r":{"a":0,"k":0,"ix":10},"p":{"a":0,"k":[456,340,0],"ix":2,"l":2},"a":{"a":0,"k":[350,250,0],"ix":1,"l":2},"s":{"a":0,"k":[100,100,100],"ix":6,"l":2}},"ao":0,"hasMask":true,"masksProperties":[{"inv":false,"mode":"n","pt":{"a":0,"k":{"i":[[0,0],[-54,-98],[0,0],[-61.001,80],[0,0],[31.128,-60.773],[0,0],[-108,89],[-108,107]],"o":[[0,0],[86,126],[0,0],[37.999,-56],[0,0],[-42,82],[0,0],[84,-85],[31.712,-31.419]],"v":[[126,101],[127,380],[323,306],[422.001,158],[414.001,79],[339,120],[315,302],[461,398],[660,40]],"c":false},"ix":1},"o":{"a":0,"k":100,"ix":3},"x":{"a":0,"k":0,"ix":4},"nm":"Mask 1"}],"ef":[{"ty":5,"nm":"Thicc Stroke","np":57,"mn":"PEVS","ix":1,"en":1,"ef":[{"ty":6,"nm":"About & Support","mn":"PEVS-0041","ix":1,"v":0},{},{"ty":6,"nm":"Thicc Stroke v1.2.0","mn":"PEVS-0043","ix":3,"v":0},{"ty":6,"nm":"","mn":"PEVS-0044","ix":4,"v":0},{"ty":6,"nm":"","mn":"PEVS-0045","ix":5,"v":0},{"ty":7,"nm":"Version","mn":"PEVS-0046","ix":6,"v":{"a":0,"k":1,"ix":6}},{"ty":7,"nm":"Vendor","mn":"PEVS-0047","ix":7,"v":{"a":0,"k":1,"ix":7}},{"ty":7,"nm":"Renderer","mn":"PEVS-0048","ix":8,"v":{"a":0,"k":1,"ix":8}},{"ty":7,"nm":"Shader Version","mn":"PEVS-0049","ix":9,"v":{"a":0,"k":1,"ix":9}},{"ty":6,"nm":"","mn":"PEVS-0050","ix":10,"v":0},{"ty":6,"nm":"","mn":"PEVS-0051","ix":11,"v":0},{"ty":6,"nm":"","mn":"PEVS-0052","ix":12,"v":0},{"ty":10,"nm":"Mask","mn":"PEVS-0001","ix":13,"v":{"a":0,"k":1,"ix":13}},{"ty":7,"nm":"Force Path Open","mn":"PEVS-0006","ix":14,"v":{"a":0,"k":0,"ix":14}},{"ty":0,"nm":"Cycle Removed Segment","mn":"PEVS-0038","ix":15,"v":{"a":0,"k":0,"ix":15}},{"ty":6,"nm":"Width Controls","mn":"PEVS-0002","ix":16,"v":0},{"ty":7,"nm":"Mode","mn":"PEVS-0003","ix":17,"v":{"a":0,"k":1,"ix":17}},{"ty":0,"nm":"Width Start","mn":"PEVS-0004","ix":18,"v":{"a":0,"k":170,"ix":18}},{"ty":0,"nm":"Width End","mn":"PEVS-0005","ix":19,"v":{"a":0,"k":80,"ix":19}},{"ty":0,"nm":"Width Multiplier","mn":"PEVS-0036","ix":20,"v":{"a":0,"k":1,"ix":20}},{"ty":6,"nm":"","mn":"PEVS-0007","ix":21,"v":0},{"ty":6,"nm":"Style","mn":"PEVS-0008","ix":22,"v":0},{"ty":7,"nm":"Cap","mn":"PEVS-0009","ix":23,"v":{"a":0,"k":1,"ix":23}},{"ty":7,"nm":"Width Interpolation","mn":"PEVS-0010","ix":24,"v":{"a":0,"k":1,"ix":24}},{"ty":6,"nm":"Color","mn":"PEVS-0011","ix":25,"v":0},{"ty":7,"nm":"Mode","mn":"PEVS-0012","ix":26,"v":{"a":0,"k":4,"ix":26}},{"ty":2,"nm":"Color A","mn":"PEVS-0013","ix":27,"v":{"a":0,"k":[1,1,1,1],"ix":27}},{"ty":2,"nm":"Color B","mn":"PEVS-0014","ix":28,"v":{"a":0,"k":[1,1,1,1],"ix":28}},{"ty":2,"nm":"Color C","mn":"PEVS-0015","ix":29,"v":{"a":0,"k":[1,1,1,1],"ix":29}},{"ty":2,"nm":"Color D","mn":"PEVS-0016","ix":30,"v":{"a":0,"k":[1,1,1,1],"ix":30}},{},{"ty":0,"nm":"Gradient Pt Select","mn":"PEVS-0053","ix":32,"v":{"a":0,"k":-1,"ix":32}},{"ty":0,"nm":"Point Location","mn":"PEVS-0054","ix":33,"v":{"a":0,"k":100,"ix":33}},{"ty":0,"nm":"Cycle","mn":"PEVS-0018","ix":34,"v":{"a":0,"k":0,"ix":34}},{"ty":7,"nm":"Loop Colors","mn":"PEVS-0037","ix":35,"v":{"a":0,"k":1,"ix":35}},{"ty":6,"nm":"","mn":"PEVS-0017","ix":36,"v":0},{"ty":6,"nm":"","mn":"PEVS-0019","ix":37,"v":0},{"ty":0,"nm":"Opacity","mn":"PEVS-0020","ix":38,"v":{"a":0,"k":100,"ix":38}},{"ty":7,"nm":"Reverse Draw Order","mn":"PEVS-0039","ix":39,"v":{"a":0,"k":0,"ix":39}},{"ty":6,"nm":"","mn":"PEVS-0055","ix":40,"v":0},{"ty":6,"nm":"","mn":"PEVS-0021","ix":41,"v":0},{"ty":6,"nm":"Trim Paths","mn":"PEVS-0022","ix":42,"v":0},{"ty":0,"nm":"Start","mn":"PEVS-0023","ix":43,"v":{"a":0,"k":0,"ix":43}},{"ty":0,"nm":"End","mn":"PEVS-0024","ix":44,"v":{"a":0,"k":100,"ix":44}},{"ty":0,"nm":"Offset","mn":"PEVS-0025","ix":45,"v":{"a":0,"k":0,"ix":45}},{"ty":7,"nm":"Influences","mn":"PEVS-0026","ix":46,"v":{"a":0,"k":5,"ix":46}},{"ty":6,"nm":"","mn":"PEVS-0027","ix":47,"v":0},{"ty":6,"nm":"Quality","mn":"PEVS-0028","ix":48,"v":0},{"ty":0,"nm":"Subdivisions Multiplier","mn":"PEVS-0029","ix":49,"v":{"a":0,"k":1,"ix":49}},{"ty":0,"nm":"FXAA","mn":"PEVS-0030","ix":50,"v":{"a":0,"k":50,"ix":50}},{"ty":6,"nm":"","mn":"PEVS-0031","ix":51,"v":0},{"ty":0,"nm":"Left","mn":"PEVS-0032","ix":52,"v":{"a":0,"k":0,"ix":52}},{"ty":0,"nm":"Top","mn":"PEVS-0033","ix":53,"v":{"a":0,"k":0,"ix":53}},{"ty":0,"nm":"Right","mn":"PEVS-0034","ix":54,"v":{"a":0,"k":0,"ix":54}},{"ty":0,"nm":"Bottom","mn":"PEVS-0035","ix":55,"v":{"a":0,"k":0,"ix":55}}]}],"sw":700,"sh":500,"sc":"#000000","ip":0,"op":693,"st":0,"bm":0}],"markers":[]}