{"nm":"hand_zoom","ddd":0,"h":300,"w":360,"meta":{"g":"LottieFiles AE 1.0.0"},"layers":[{"ty":4,"nm":"hand_zoom contornos","sr":1,"st":0,"op":750,"ip":0,"hd":false,"ddd":0,"bm":0,"hasMask":false,"ao":0,"ks":{"a":{"a":0,"k":[180,150,0],"ix":1},"s":{"a":0,"k":[100,100,100],"ix":6},"sk":{"a":0,"k":0},"p":{"a":0,"k":[180,150,0],"ix":2},"r":{"a":0,"k":0,"ix":10},"sa":{"a":0,"k":0},"o":{"a":0,"k":100,"ix":11}},"ef":[],"shapes":[{"ty":"gr","bm":0,"hd":false,"mn":"ADBE Vector Group","nm":"Grupo 1","ix":1,"cix":2,"np":2,"it":[{"ty":"sh","bm":0,"hd":false,"mn":"ADBE Vector Shape - Group","nm":"Trazado 1","ix":1,"d":1,"ks":{"a":0,"k":{"c":false,"i":[[0,0],[0,0],[0,-11.984],[0,0],[0,0]],"o":[[0,0],[0,-11.984],[0,0],[0,0],[0,0]],"v":[[-7.49,33.438],[-7.49,-21.454],[7.49,-21.454],[7.49,27.003],[7.49,7.828]]},"ix":2}},{"ty":"st","bm":0,"hd":false,"mn":"ADBE Vector Graphic - Stroke","nm":"Trazo 1","lc":2,"lj":2,"ml":1,"o":{"a":0,"k":100,"ix":4},"w":{"a":0,"k":3,"ix":5},"c":{"a":0,"k":[1,1,1],"ix":3}},{"ty":"tr","a":{"a":0,"k":[-0.652,28.499],"ix":1},"s":{"a":1,"k":[{"o":{"x":0.167,"y":0.167},"i":{"x":0.833,"y":0.833},"s":[100,100],"t":0},{"o":{"x":0.167,"y":0.167},"i":{"x":0.833,"y":0.833},"s":[100,90],"t":10},{"s":[100,100],"t":19}],"ix":3},"sk":{"a":0,"k":0,"ix":4},"p":{"a":0,"k":[184.917,162.762],"ix":2},"r":{"a":1,"k":[{"o":{"x":0.167,"y":0.167},"i":{"x":0.833,"y":0.833},"s":[0],"t":0},{"o":{"x":0.167,"y":0.167},"i":{"x":0.833,"y":0.833},"s":[-10],"t":10},{"s":[0],"t":19}],"ix":6},"sa":{"a":0,"k":0,"ix":5},"o":{"a":0,"k":100,"ix":7}}]},{"ty":"gr","bm":0,"hd":false,"mn":"ADBE Vector Group","nm":"Grupo 2","ix":2,"cix":2,"np":2,"it":[{"ty":"sh","bm":0,"hd":false,"mn":"ADBE Vector Shape - Group","nm":"Trazado 1","ix":1,"d":1,"ks":{"a":0,"k":{"c":false,"i":[[0,0],[0,0],[-6.56,-6.271],[0,0]],"o":[[0,0],[6.56,-6.269],[0,0],[0,0]],"v":[[13.938,24.07],[-15.837,-17.801],[3.771,-15.293],[15.836,-5.393]]},"ix":2}},{"ty":"st","bm":0,"hd":false,"mn":"ADBE Vector Graphic - Stroke","nm":"Trazo 1","lc":1,"lj":2,"ml":1,"o":{"a":0,"k":100,"ix":4},"w":{"a":0,"k":3,"ix":5},"c":{"a":0,"k":[1,1,1],"ix":3}},{"ty":"tr","a":{"a":0,"k":[16.164,7.49],"ix":1},"s":{"a":1,"k":[{"o":{"x":0.167,"y":0.167},"i":{"x":0.833,"y":0.833},"s":[100,100],"t":0},{"o":{"x":0.167,"y":0.167},"i":{"x":0.833,"y":0.833},"s":[73,100],"t":10},{"s":[100,100],"t":19}],"ix":3},"sk":{"a":0,"k":0,"ix":4},"p":{"a":0,"k":[178.406,180.584],"ix":2},"r":{"a":0,"k":0,"ix":6},"sa":{"a":0,"k":0,"ix":5},"o":{"a":0,"k":100,"ix":7}}]},{"ty":"gr","bm":0,"hd":false,"mn":"ADBE Vector Group","nm":"Grupo 3","ix":3,"cix":2,"np":2,"it":[{"ty":"sh","bm":0,"hd":false,"mn":"ADBE Vector Shape - Group","nm":"Trazado 1","ix":1,"d":1,"ks":{"a":0,"k":{"c":true,"i":[[0,0],[-0.007,-0.045],[-0.008,-0.041],[-0.034,-0.095],[-0.084,-0.135],[-0.089,-0.098],[-0.122,-0.089],[-0.139,-0.065],[-0.129,-0.035],[-0.165,-0.008],[-0.109,0.008],[-0.044,0.007],[-0.042,0.009],[0,0],[0.252,1.214],[1.042,0],[0.155,-0.032],[0,0],[0,0],[0.997,0.735],[0.462,0],[0.438,-0.597],[0,0],[0,0],[1.144,0],[0.074,-0.006],[-0.117,-1.237]],"o":[[0.004,0.045],[0.006,0.041],[0.022,0.101],[0.054,0.153],[0.071,0.114],[0.101,0.112],[0.121,0.091],[0.118,0.055],[0.156,0.042],[0.105,0.007],[0.045,-0.004],[0.041,-0.007],[0,0],[1.214,-0.254],[-0.222,-1.059],[-0.152,0],[0,0],[0,0],[0.737,-1.001],[-0.404,-0.295],[-0.691,0],[0,0],[0,0],[-0.111,-1.162],[-0.07,0],[-1.234,0.119],[0,0]],"v":[[-9.729,11.067],[-9.691,11.192],[-9.691,11.313],[-9.572,11.587],[-9.385,12.025],[-9.135,12.328],[-8.816,12.639],[-8.423,12.854],[-8.064,13.001],[-7.585,13.055],[-7.277,13.091],[-7.152,13.055],[-7.031,13.053],[5.43,10.452],[7.171,7.794],[4.973,6.005],[4.512,6.052],[-2.193,7.451],[10.314,-9.519],[9.84,-12.661],[8.508,-13.1],[6.697,-12.187],[-5.809,4.783],[-6.458,-2.035],[-8.693,-4.068],[-8.91,-4.059],[-10.934,-1.607]]},"ix":2}},{"ty":"fl","bm":0,"hd":false,"mn":"ADBE Vector Graphic - Fill","nm":"Relleno 1","c":{"a":0,"k":[1,1,1],"ix":4},"r":1,"o":{"a":0,"k":100,"ix":5}},{"ty":"tr","a":{"a":0,"k":[0,0],"ix":1},"s":{"a":0,"k":[100,100],"ix":3},"sk":{"a":0,"k":0,"ix":4},"p":{"a":1,"k":[{"o":{"x":0.167,"y":0.167},"i":{"x":0.833,"y":0.833},"s":[114.192,148.005],"t":0,"ti":[0,0],"to":[2.5,-3.333]},{"o":{"x":0.167,"y":0.167},"i":{"x":0.833,"y":0.833},"s":[129.192,128.005],"t":10,"ti":[2.5,-3.333],"to":[0,0]},{"s":[114.192,148.005],"t":19}],"ix":2},"r":{"a":0,"k":0,"ix":6},"sa":{"a":0,"k":0,"ix":5},"o":{"a":0,"k":100,"ix":7}}]},{"ty":"gr","bm":0,"hd":false,"mn":"ADBE Vector Group","nm":"Grupo 4","ix":4,"cix":2,"np":2,"it":[{"ty":"sh","bm":0,"hd":false,"mn":"ADBE Vector Shape - Group","nm":"Trazado 1","ix":1,"d":1,"ks":{"a":0,"k":{"c":true,"i":[[-0.998,-0.734],[-0.731,0.995],[0,0],[0,0],[-1.268,0.088],[0.117,1.238],[0,0],[0.007,0.045],[0.009,0.04],[0.039,0.104],[0.059,0.103],[0.102,0.116],[0.082,0.07],[0.151,0.079],[0.087,0.033],[0.273,0],[0.073,-0.006],[0.023,-0.003],[0.061,-0.013],[0,0],[-0.254,-1.215],[-1.224,0.242],[0,0],[0,0]],"o":[[1.006,0.737],[0,0],[0,0],[0.118,1.231],[1.234,-0.12],[0,0],[-0.004,-0.045],[-0.006,-0.04],[-0.023,-0.112],[-0.042,-0.113],[-0.077,-0.137],[-0.071,-0.081],[-0.129,-0.11],[-0.082,-0.043],[-0.247,-0.093],[-0.07,0],[-0.024,0.002],[-0.061,0.007],[0,0],[-1.214,0.255],[0.255,1.214],[0,0],[0,0],[-0.737,1.001]],"v":[[-9.839,12.512],[-6.697,12.038],[5.809,-4.93],[6.456,1.887],[8.91,3.911],[10.934,1.459],[9.727,-11.217],[9.691,-11.344],[9.689,-11.462],[9.566,-11.77],[9.434,-12.099],[9.154,-12.464],[8.943,-12.702],[8.514,-12.968],[8.275,-13.102],[7.493,-13.25],[7.277,-13.241],[7.212,-13.221],[7.031,-13.203],[-5.43,-10.599],[-7.171,-7.939],[-4.512,-6.198],[2.193,-7.6],[-10.314,9.37]]},"ix":2}},{"ty":"fl","bm":0,"hd":false,"mn":"ADBE Vector Graphic - Fill","nm":"Relleno 1","c":{"a":0,"k":[1,1,1],"ix":4},"r":1,"o":{"a":0,"k":100,"ix":5}},{"ty":"tr","a":{"a":0,"k":[0,0],"ix":1},"s":{"a":0,"k":[100,100],"ix":3},"sk":{"a":0,"k":0,"ix":4},"p":{"a":1,"k":[{"o":{"x":0.167,"y":0.167},"i":{"x":0.833,"y":0.833},"s":[166.697,72.124],"t":0,"ti":[0,0],"to":[-2.667,4.667]},{"o":{"x":0.167,"y":0.167},"i":{"x":0.833,"y":0.833},"s":[150.697,100.124],"t":10,"ti":[-2.667,4.667],"to":[0,0]},{"s":[166.697,72.124],"t":19}],"ix":2},"r":{"a":0,"k":0,"ix":6},"sa":{"a":0,"k":0,"ix":5},"o":{"a":0,"k":100,"ix":7}}]},{"ty":"gr","bm":0,"hd":false,"mn":"ADBE Vector Group","nm":"Grupo 5","ix":5,"cix":2,"np":2,"it":[{"ty":"sh","bm":0,"hd":false,"mn":"ADBE Vector Shape - Group","nm":"Trazado 1","ix":1,"d":1,"ks":{"a":0,"k":{"c":false,"i":[[0,0],[0,0]],"o":[[0,0],[0,0]],"v":[[226.015,154.753],[226.015,164.781]]},"ix":2}},{"ty":"st","bm":0,"hd":false,"mn":"ADBE Vector Graphic - Stroke","nm":"Trazo 1","lc":2,"lj":1,"ml":10,"o":{"a":0,"k":100,"ix":4},"w":{"a":0,"k":3,"ix":5},"c":{"a":0,"k":[1,1,1],"ix":3}},{"ty":"tr","a":{"a":0,"k":[0,0],"ix":1},"s":{"a":0,"k":[100,100],"ix":3},"sk":{"a":0,"k":0,"ix":4},"p":{"a":0,"k":[0,0],"ix":2},"r":{"a":0,"k":0,"ix":6},"sa":{"a":0,"k":0,"ix":5},"o":{"a":0,"k":100,"ix":7}}]},{"ty":"gr","bm":0,"hd":false,"mn":"ADBE Vector Group","nm":"Grupo 6","ix":6,"cix":2,"np":2,"it":[{"ty":"sh","bm":0,"hd":false,"mn":"ADBE Vector Shape - Group","nm":"Trazado 1","ix":1,"d":1,"ks":{"a":0,"k":{"c":false,"i":[[0,0],[0,0]],"o":[[0,0],[0,0]],"v":[[211.034,148.761],[211.034,163.094]]},"ix":2}},{"ty":"st","bm":0,"hd":false,"mn":"ADBE Vector Graphic - Stroke","nm":"Trazo 1","lc":2,"lj":1,"ml":10,"o":{"a":0,"k":100,"ix":4},"w":{"a":0,"k":3,"ix":5},"c":{"a":0,"k":[1,1,1],"ix":3}},{"ty":"tr","a":{"a":0,"k":[0,0],"ix":1},"s":{"a":0,"k":[100,100],"ix":3},"sk":{"a":0,"k":0,"ix":4},"p":{"a":0,"k":[0,0],"ix":2},"r":{"a":0,"k":0,"ix":6},"sa":{"a":0,"k":0,"ix":5},"o":{"a":0,"k":100,"ix":7}}]},{"ty":"gr","bm":0,"hd":false,"mn":"ADBE Vector Group","nm":"Grupo 7","ix":7,"cix":2,"np":2,"it":[{"ty":"sh","bm":0,"hd":false,"mn":"ADBE Vector Shape - Group","nm":"Trazado 1","ix":1,"d":1,"ks":{"a":0,"k":{"c":false,"i":[[0,0],[-18.89,0],[0,0],[0,0],[4.638,0],[0,-4.433],[0,0],[4.639,0],[0,-4.434],[0,0],[4.638,0],[0,-4.433],[0,0]],"o":[[0,0],[24.06,0],[0,0],[0,-4.433],[-4.638,0],[0,0],[0,-4.434],[-4.638,0],[0,0],[0,-4.433],[-4.639,0],[0,0],[0,0]],"v":[[-32.786,23.569],[-3.077,39.531],[27.54,10.283],[32.786,-17.71],[24.917,-25.738],[17.048,-17.71],[17.048,-25.236],[8.548,-33.264],[2.068,-25.236],[2.068,-31.503],[-6.92,-39.531],[-15.908,-31.503],[-15.908,-12.327]]},"ix":2}},{"ty":"st","bm":0,"hd":false,"mn":"ADBE Vector Graphic - Stroke","nm":"Trazo 1","lc":1,"lj":2,"ml":1,"o":{"a":0,"k":100,"ix":4},"w":{"a":0,"k":3,"ix":5},"c":{"a":0,"k":[1,1,1],"ix":3}},{"ty":"tr","a":{"a":0,"k":[0,0],"ix":1},"s":{"a":0,"k":[100,100],"ix":3},"sk":{"a":0,"k":0,"ix":4},"p":{"a":0,"k":[208.966,173.595],"ix":2},"r":{"a":0,"k":0,"ix":6},"sa":{"a":0,"k":0,"ix":5},"o":{"a":0,"k":100,"ix":7}}]}],"ind":1}],"v":"4.8.0","fr":25,"op":25,"ip":0,"assets":[]}